time,open,high,low,close
2021-04-01T06:20:00Z,58921,58999,58920,58927
2021-04-01T06:25:00Z,58926,58929,58861,58929
2021-04-01T06:30:00Z,58915,58994,58915,58970
2021-04-01T06:35:00Z,58970,58971,58920,58920
2021-04-01T06:40:00Z,58920,58939,58880,58915
2021-04-01T06:45:00Z,58914,58975,58914,58955
2021-04-01T06:50:00Z,58942,58943,58869.36365513,58890
2021-04-01T06:55:00Z,58893,58893,58669,58729
2021-04-01T07:00:00Z,58729,58729,58530,58579
2021-04-01T07:05:00Z,58577,58651,58574.17196,58651
2021-04-01T07:10:00Z,58651,58662,58527,58636
2021-04-01T07:15:00Z,58636,58742,58633,58742
2021-04-01T07:20:00Z,58730,58889,58728,58793.972406
2021-04-01T07:25:00Z,58793.069023,58888,58751,58858
2021-04-01T07:30:00Z,58860,58912,58779,58835
2021-04-01T07:35:00Z,58835,58880,58812,58812
2021-04-01T07:40:00Z,58812,58816,58739,58757
2021-04-01T07:45:00Z,58756,58756,58619.534118,58695
2021-04-01T07:50:00Z,58693,58877,58673,58877
2021-04-01T07:55:00Z,58877,58881.8438394,58784.70092949,58801
2021-04-01T08:00:00Z,58801,58995,58801,58951
2021-04-01T08:05:00Z,58938,58971,58885,58906
2021-04-01T08:10:00Z,58919,59103,58918,59068
2021-04-01T08:15:00Z,59067,59252,59011,59171
2021-04-01T08:20:00Z,59189,59422,59189,59324
2021-04-01T08:25:00Z,59326,59483,59303.693,59345
2021-04-01T08:30:00Z,59349,59352,59212,59302.22519
2021-04-01T08:35:00Z,59304,59310,59210.73492974,59240
2021-04-01T08:40:00Z,59263,59274,59172,59197
2021-04-01T08:45:00Z,59196,59245,59133,59182.9188574
2021-04-01T08:50:00Z,59196,59196,58552,58759
2021-04-01T08:55:00Z,58759,58865,58709,58850
2021-04-01T09:00:00Z,58849,58900,58822,58860
2021-04-01T09:05:00Z,58860,58967.15688787,58818,58967.15688787
2021-04-01T09:10:00Z,58969,59199,58946,59142
2021-04-01T09:15:00Z,59131,59134.5690071,58972,59032
2021-04-01T09:20:00Z,59032,59069,58961,58987
2021-04-01T09:25:00Z,58982,59037,58936,59006
2021-04-01T09:30:00Z,59000,59000,58834.16548548,58866
2021-04-01T09:35:00Z,58866,58866,58760,58839
2021-04-01T09:40:00Z,58857,58912,58837.636355,58841
2021-04-01T09:45:00Z,58841,58908,58779,58807
2021-04-01T09:50:00Z,58806,58863,58730.737312,58760.32299625
2021-04-01T09:55:00Z,58758,58848,58720,58825
2021-04-01T10:00:00Z,58812,58864,58727,58858
2021-04-01T10:05:00Z,58857,58956,58839,58852
2021-04-01T10:10:00Z,58871,58871,58741,58801
2021-04-01T10:15:00Z,58784,58784,58661,58674
2021-04-01T10:20:00Z,58704,58749,58668.383279,58748
2021-04-01T10:25:00Z,58747,58747,58663.09744946,58717
2021-04-01T10:30:00Z,58717,58717,58645.58307831,58647.66240678
2021-04-01T10:35:00Z,58645.58307831,58687,58500,58500
2021-04-01T10:40:00Z,58503,58787,58500,58693
2021-04-01T10:45:00Z,58676,58765,58621,58645
2021-04-01T10:50:00Z,58646,58646,58510,58552
2021-04-01T10:55:00Z,58566,58696,58565,58625
2021-04-01T11:00:00Z,58620,58620,58420,58547
2021-04-01T11:05:00Z,58512,58515,58029,58321
2021-04-01T11:10:00Z,58322,58465,58322,58459
2021-04-01T11:15:00Z,58458,58458,58280,58317
2021-04-01T11:20:00Z,58349,58355,58201,58269.3688751
2021-04-01T11:25:00Z,58251,58389,58201,58377
2021-04-01T11:30:00Z,58386,58549,58367,58521
2021-04-01T11:35:00Z,58521,58521.97501677,58468,58468
2021-04-01T11:40:00Z,58468.24467559,58599,58468.24467559,58591
2021-04-01T11:45:00Z,58596,58688,58596,58666
2021-04-01T11:50:00Z,58666,58682,58526,58541
2021-04-01T11:55:00Z,58538,58626,58512,58599
2021-04-01T12:00:00Z,58584,58673.80053,58389,58618
2021-04-01T12:05:00Z,58612,58731,58591,58650
2021-04-01T12:10:00Z,58665,58690.04759604,58611,58627
2021-04-01T12:15:00Z,58612,58679,58588.7140258,58666
2021-04-01T12:20:00Z,58666,58700,58617,58700
2021-04-01T12:25:00Z,58700,58722,58641,58711
2021-04-01T12:30:00Z,58703.8133682,58703.8133682,58615,58674
2021-04-01T12:35:00Z,58677,58677,58609,58646
2021-04-01T12:40:00Z,58609.10940248,58650,58515,58515
2021-04-01T12:45:00Z,58516,58631,58509.80923208,58621
2021-04-01T12:50:00Z,58616,58700,58616,58656
2021-04-01T12:55:00Z,58657.98931596,58748,58640,58747.41340332
2021-04-01T13:00:00Z,58748,58931,58746,58873
2021-04-01T13:05:00Z,58874,59145.517952,58868,59006
2021-04-01T13:10:00Z,59005,59037,58923,58929
2021-04-01T13:15:00Z,58918,58918,58825,58838.46860346
2021-04-01T13:20:00Z,58839,58959,58838.46860346,58930
2021-04-01T13:25:00Z,58930,58977.5604103,58930,58959.292876
2021-04-01T13:30:00Z,58960,59128.27151091,58888,59069
2021-04-01T13:35:00Z,59040,59136,59033.719426,59057
2021-04-01T13:40:00Z,59057,59072,59027,59051
2021-04-01T13:45:00Z,59051,59063,59037,59060
2021-04-01T13:50:00Z,59060,59085,59023,59023
2021-04-01T13:55:00Z,59020,59033,58932.33614703,58963.9419789
2021-04-01T14:00:00Z,58967,58970,58887,58916
2021-04-01T14:05:00Z,58919,58999,58822,58822
2021-04-01T14:10:00Z,58821.1935801,58915,58813.43885848,58913
2021-04-01T14:15:00Z,58913,58989,58912.453138,58946.503484
2021-04-01T14:20:00Z,58988,59081,58988,59081
2021-04-01T14:25:00Z,59080,59155.97215374,59030,59036
2021-04-01T14:30:00Z,59037,59079,58933,58963
2021-04-01T14:35:00Z,58963,59011,58928.94891368,58932
2021-04-01T14:40:00Z,58933,59016.83728653,58932.707762,59012
2021-04-01T14:45:00Z,58994,59044,58882.910894,58891.19811484
2021-04-01T14:50:00Z,58884,58955,58884,58955
2021-04-01T14:55:00Z,58955,59065,58950,59038
2021-04-01T15:00:00Z,59037,59154,58974.31579,59105
2021-04-01T15:05:00Z,59105,59106,59027,59065
2021-04-01T15:10:00Z,59081,59081,58991,59007
2021-04-01T15:15:00Z,59014,59338,59014,59218
2021-04-01T15:20:00Z,59221,59276.444832,59161,59177
2021-04-01T15:25:00Z,59179,59185,59077,59101
2021-04-01T15:30:00Z,59109.20521416,59189,59105,59169
2021-04-01T15:35:00Z,59168,59182,59066.33308038,59066.33308038
2021-04-01T15:40:00Z,59066.20080704,59068,58991,59034
2021-04-01T15:45:00Z,59038,59067,58993,59053
2021-04-01T15:50:00Z,59037,59068,59004,59067
2021-04-01T15:55:00Z,59067,59086,59000,59000.30026692
2021-04-01T16:00:00Z,59001,59194,58912,58912
2021-04-01T16:05:00Z,58912,58950,58712,58944
2021-04-01T16:10:00Z,58944,58973,58944,58972
2021-04-01T16:15:00Z,58972,59028.506656,58911,58931
2021-04-01T16:20:00Z,58931,58931,58773,58788
2021-04-01T16:25:00Z,58788,58821,58765,58818
2021-04-01T16:30:00Z,58818,58821,58817,58821
2021-04-01T16:35:00Z,58821,58867.180015,58640,58721
2021-04-01T16:40:00Z,58713,58717,58643,58689
2021-04-01T16:45:00Z,58688.59956527,58816.04922941,58688,58759
2021-04-01T16:50:00Z,58766,58799,58737.39071512,58737.39071512
2021-04-01T16:55:00Z,58737.39071512,58791,58726,58778.85651
2021-04-01T17:00:00Z,58776,58825,58661,58703
2021-04-01T17:05:00Z,58711,58820,58711,58741
2021-04-01T17:10:00Z,58740,58789.54983935,58736,58741
2021-04-01T17:15:00Z,58753,58806,58700,58806
2021-04-01T17:20:00Z,58804,58804,58717,58720
2021-04-01T17:25:00Z,58711,58731,58640,58714
2021-04-01T17:30:00Z,58709,58749.798472,58665,58707.286455
2021-04-01T17:35:00Z,58707.286455,58707.286455,58538,58638.5770615
2021-04-01T17:40:00Z,58639,58670,58553.7898831,58577
2021-04-01T17:45:00Z,58577,58626,58478.71269349,58575.459537
2021-04-01T17:50:00Z,58550,58572,58441.0309449,58441.0309449
2021-04-01T17:55:00Z,58449.52144598,58506,58299,58499
2021-04-01T18:00:00Z,58496.761398,58500,58397,58500
2021-04-01T18:05:00Z,58500.55054718,58510,58362,58393
2021-04-01T18:10:00Z,58403,58448,58300,58303
2021-04-01T18:15:00Z,58302,58342,57955,57958
2021-04-01T18:20:00Z,57955,58448,57955,58420
2021-04-01T18:25:00Z,58419.376266,58719,58355,58630
2021-04-01T18:30:00Z,58637,58785,58596.15468403,58707
2021-04-01T18:35:00Z,58720.86196227,58728,58639.123464,58648.163504
2021-04-01T18:40:00Z,58648,58674,58531,58627
2021-04-01T18:45:00Z,58624,58799,58574,58756
2021-04-01T18:50:00Z,58760,58798.14677308,58715,58718
2021-04-01T18:55:00Z,58713,58757,58662,58706
2021-04-01T19:00:00Z,58721,58757,58642.32124784,58643
2021-04-01T19:05:00Z,58657,58731,58596,58723
2021-04-01T19:10:00Z,58725,58865,58706,58859
2021-04-01T19:15:00Z,58856.766246,58877,58733,58758
2021-04-01T19:20:00Z,58758,58787.87245344,58675,58704
2021-04-01T19:25:00Z,58700,58739,58669.87715,58712
2021-04-01T19:30:00Z,58722,58763.09330383,58690,58708
2021-04-01T19:35:00Z,58709,58752,58677,58744
2021-04-01T19:40:00Z,58767.55614481,58839,58767.16447953,58832
2021-04-01T19:45:00Z,58831.90806558,58912,58814,58831
2021-04-01T19:50:00Z,58826,58869,58795,58835
2021-04-01T19:55:00Z,58866,58912,58865.01050624,58875
2021-04-01T20:00:00Z,58901,58912,58864,58882
2021-04-01T20:05:00Z,58878,58956,58845,58916
2021-04-01T20:10:00Z,58915,58916,58888,58916
2021-04-01T20:15:00Z,58932,59011,58909,58909
2021-04-01T20:20:00Z,58908,58908,58717,58819
2021-04-01T20:25:00Z,58809,58889,58796,58888
2021-04-01T20:30:00Z,58888,58989,58883,58988
2021-04-01T20:35:00Z,58989,58989,58888,58888
2021-04-01T20:40:00Z,58888,58989,58888,58911
2021-04-01T20:45:00Z,58912,58988,58888,58888
2021-04-01T20:50:00Z,58888,58899,58860,58860
2021-04-01T20:55:00Z,58860,58889,58798.62771404,58861
2021-04-01T21:00:00Z,58873.68886,58919.62228,58868,58891
2021-04-01T21:05:00Z,58903,58903,58759,58795
2021-04-01T21:10:00Z,58799,58866,58799,58860
2021-04-01T21:15:00Z,58860,58860,58771.425636,58800
2021-04-01T21:20:00Z,58802.745614,58802.745614,58745,58746.49669524
2021-04-01T21:25:00Z,58746.49669524,58762,58693,58693
2021-04-01T21:30:00Z,58698,58778,58612,58614
2021-04-01T21:35:00Z,58611.89785019,58682,58555,58610
2021-04-01T21:40:00Z,58599,58670.42592849,58561,58561
2021-04-01T21:45:00Z,58571,58731.74184864,58571,58694.0570608
2021-04-01T21:50:00Z,58694.0570608,58751,58690,58750.58424256
2021-04-01T21:55:00Z,58751,58767.07133724,58724,58750
2021-04-01T22:00:00Z,58756,58785,58744,58767.97687046
2021-04-01T22:05:00Z,58763,58867,58617,58843
2021-04-01T22:10:00Z,58855,58880,58852,58853
2021-04-01T22:15:00Z,58874,58950,58866,58891
2021-04-01T22:20:00Z,58887,58899,58816,58816
2021-04-01T22:25:00Z,58816,58841,58805,58841
2021-04-01T22:30:00Z,58840,58935.68097941,58840,58935
2021-04-01T22:35:00Z,58935.68097941,58949,58894,58900
2021-04-01T22:40:00Z,58909,58966,58888,58965.65064496
2021-04-01T22:45:00Z,58965.65064496,59010.41440404,58911,58911
2021-04-01T22:50:00Z,58895,58919,58881,58900
2021-04-01T22:55:00Z,58916,59000,58916,58990
2021-04-01T23:00:00Z,58992,59087,58992,59022.856477
2021-04-01T23:05:00Z,59020,59020.143988,58911,58952
2021-04-01T23:10:00Z,58973,58973,58916,58917
2021-04-01T23:15:00Z,58919,58950,58857,58903
2021-04-01T23:20:00Z,58913,58928,58907,58909.037968
2021-04-01T23:25:00Z,58909,58926,58854,58907.5606028
2021-04-01T23:30:00Z,58905,58913.598012,58897,58910.886099
2021-04-01T23:35:00Z,58910,58910,58848,58854
2021-04-01T23:40:00Z,58852,58859,58848,58859
2021-04-01T23:45:00Z,58887,58887,58779,58779
2021-04-01T23:50:00Z,58778.44642734,58820.8278378,58738.387995,58775
2021-04-01T23:55:00Z,58762,58784,58724,58724
2021-04-02T00:00:00Z,58731,58832,58661,58661
2021-04-02T00:05:00Z,58662,58835,58620,58806.114874
2021-04-02T00:10:00Z,58808,58891,58808,58811
2021-04-02T00:15:00Z,58814,58872.129212,58733,58734
2021-04-02T00:20:00Z,58749,58749,58600,58650.731471
2021-04-02T00:25:00Z,58659.17533326,58702,58599.2096913,58686
2021-04-02T00:30:00Z,58685.21659579,58704,58572.12696655,58677
2021-04-02T00:35:00Z,58677,58748,58643.07769106,58669
2021-04-02T00:40:00Z,58692.97229328,58722,58622,58622
2021-04-02T00:45:00Z,58622,58652,58496.330126,58581
2021-04-02T00:50:00Z,58575.7382496,58588,58327.9868938,58519.051088
2021-04-02T00:55:00Z,58539,58634,58532,58625
2021-04-02T01:00:00Z,58627,58730,58614,58720
2021-04-02T01:05:00Z,58725,58730.39623844,58682,58697
2021-04-02T01:10:00Z,58692,58780,58664,58780
2021-04-02T01:15:00Z,58780,58799,58730,58736
2021-04-02T01:20:00Z,58733,58749,58711,58711
2021-04-02T01:25:00Z,58712,58787,58712,58787
2021-04-02T01:30:00Z,58787.75156866,58872.7812252,58787.75156866,58871
2021-04-02T01:35:00Z,58872.7812252,58922.99933058,58861,58907
2021-04-02T01:40:00Z,58916,58961.74534362,58916,58927
2021-04-02T01:45:00Z,58938,58989,58872,58910
2021-04-02T01:50:00Z,58908,58908,58880,58880
2021-04-02T01:55:00Z,58888,58900,58827,58870
2021-04-02T02:00:00Z,58870,58925.98983392,58840,58902
2021-04-02T02:05:00Z,58919,59125,58919,59077
2021-04-02T02:10:00Z,59077,59219,59077,59205
2021-04-02T02:15:00Z,59204,59209,59114,59184
2021-04-02T02:20:00Z,59161,59407,59153,59373.498625
2021-04-02T02:25:00Z,59371,59600,59361,59509
2021-04-02T02:30:00Z,59507.041752,60182,59507.041752,60161
2021-04-02T02:35:00Z,60157,60190,59912,60033
2021-04-02T02:40:00Z,60038,60101,59935,60033
2021-04-02T02:45:00Z,59986,60144.41999783,59935,60135
2021-04-02T02:50:00Z,60079,60145,59291,59721
2021-04-02T02:55:00Z,59670,59750,59321,59716
2021-04-02T03:00:00Z,59720,60020,59711,60012
2021-04-02T03:05:00Z,60012,60093,59922,59982
2021-04-02T03:10:00Z,60030,60030,59685,59765
2021-04-02T03:15:00Z,59803.634724,59900,59719,59735
2021-04-02T03:20:00Z,59765,59800,59640.13482379,59800
2021-04-02T03:25:00Z,59800,59883,59770,59831
2021-04-02T03:30:00Z,59831,59864,59748,59771
2021-04-02T03:35:00Z,59770,59784,59687,59714
2021-04-02T03:40:00Z,59715,59874,59691,59794
2021-04-02T03:45:00Z,59799,59851.079372,59660,59762
2021-04-02T03:50:00Z,59732,59800,59729,59796
2021-04-02T03:55:00Z,59786,59882,59784,59882
2021-04-02T04:00:00Z,59882,60033.12541246,59848,59848
2021-04-02T04:05:00Z,59847.719104,59865,59733,59779.376055
2021-04-02T04:10:00Z,59781,59781,59722,59748
2021-04-02T04:15:00Z,59756,59807,59748,59800
2021-04-02T04:20:00Z,59800,59827,59720.81504985,59742
2021-04-02T04:25:00Z,59736.96971946,59758,59609,59667
2021-04-02T04:30:00Z,59670.51993738,59764,59669,59764
2021-04-02T04:35:00Z,59752.19779452,59755,59682.59278324,59682.59278324
2021-04-02T04:40:00Z,59681.41484508,59722,59656,59656
2021-04-02T04:45:00Z,59657,59732.06615544,59580,59580
2021-04-02T04:50:00Z,59580,59627,59467.00672642,59504
2021-04-02T04:55:00Z,59515,59630,59515,59607.670696
2021-04-02T05:00:00Z,59608,59718,59589,59590
2021-04-02T05:05:00Z,59590,59597.52421752,59433,59493.876624
2021-04-02T05:10:00Z,59494,59532,59407.4684685,59499
2021-04-02T05:15:00Z,59510,59584,59432,59538
2021-04-02T05:20:00Z,59538.8574,59588.15342592,59538.8574,59575
2021-04-02T05:25:00Z,59576.8338,59626,59562,59585
2021-04-02T05:30:00Z,59582.22816,59626,59568,59575
2021-04-02T05:35:00Z,59575,59626,59543,59560
2021-04-02T05:40:00Z,59558,59558,59501.50015944,59525
2021-04-02T05:45:00Z,59525,59639,59525,59584
2021-04-02T05:50:00Z,59586,59612,59551,59584.016544
2021-04-02T05:55:00Z,59585,59634,59550.69407054,59560
2021-04-02T06:00:00Z,59597,59671,59550,59550.69407054
2021-04-02T06:05:00Z,59550,59550.77482432,59471,59513
2021-04-02T06:10:00Z,59513,59532,59501,59532
2021-04-02T06:15:00Z,59532,59561,59472,59536
2021-04-02T06:20:00Z,59535,59567,59535,59566.88046914
2021-04-02T06:25:00Z,59566.63195686,59567,59546,59547
2021-04-02T06:30:00Z,59546,59546,59448.114432,59473
2021-04-02T06:35:00Z,59474,59474,59360,59454
2021-04-02T06:40:00Z,59448.82597008,59489,59400,59482
2021-04-02T06:45:00Z,59467,59636,59467,59629
2021-04-02T06:50:00Z,59616,59639,59574,59594
2021-04-02T06:55:00Z,59578,59610,59556,59574
2021-04-02T07:00:00Z,59561,59724,59561,59690
2021-04-02T07:05:00Z,59689.08153256,59690,59659.477749,59682.91705059
2021-04-02T07:10:00Z,59682,59682,59577.04149195,59600
2021-04-02T07:15:00Z,59600,59639,59549,59638
2021-04-02T07:20:00Z,59617,59677,59617,59624.864592
2021-04-02T07:25:00Z,59624,59713,59624,59704
2021-04-02T07:30:00Z,59703,59719,59650,59650
2021-04-02T07:35:00Z,59651,59651,59561,59579
2021-04-02T07:40:00Z,59574,59574,59499,59521
2021-04-02T07:45:00Z,59521,59575,59496,59555.655035
2021-04-02T07:50:00Z,59558,59558,59504,59524
2021-04-02T07:55:00Z,59529,59572.2561,59457,59457
2021-04-02T08:00:00Z,59456.97680581,59617.13981192,59449,59570.446768
2021-04-02T08:05:00Z,59572,59632,59462,59514
2021-04-02T08:10:00Z,59534,59537,59440,59448
2021-04-02T08:15:00Z,59448,59577,59447,59518
2021-04-02T08:20:00Z,59518,59518,59461,59477.6076
2021-04-02T08:25:00Z,59478,59527,59448,59527
2021-04-02T08:30:00Z,59527.12100139,59605.290096,59527.12100139,59542.863864
2021-04-02T08:35:00Z,59528,59528,59425,59462
2021-04-02T08:40:00Z,59463,59500,59454.10946089,59499
2021-04-02T08:45:00Z,59494,59494.17049503,59424,59424
2021-04-02T08:50:00Z,59423.54935815,59499,59399,59488
2021-04-02T08:55:00Z,59489,59528,59461,59462.45114625
2021-04-02T09:00:00Z,59451,59451,59418,59445.9317292
2021-04-02T09:05:00Z,59436,59448,59383.4835729,59435
2021-04-02T09:10:00Z,59435,59456,59350,59351
2021-04-02T09:15:00Z,59353,59431,59353,59389.305359
2021-04-02T09:20:00Z,59389.305359,59429,59208,59429
2021-04-02T09:25:00Z,59429,59449,59393,59443.88486862
2021-04-02T09:30:00Z,59449,59511,59429.66240006,59511
2021-04-02T09:35:00Z,59511.05690195,59567,59511.05690195,59567
2021-04-02T09:40:00Z,59566.93428096,59588,59566.93428096,59581
2021-04-02T09:45:00Z,59580.76582656,59649,59580.76582656,59648
2021-04-02T09:50:00Z,59646,59648,59605,59626.611792
2021-04-02T09:55:00Z,59623,59625,59610,59619
2021-04-02T10:00:00Z,59614,59614,59561,59566
2021-04-02T10:05:00Z,59566,59566,59498,59498
2021-04-02T10:10:00Z,59497.682067,59523,59477,59478
2021-04-02T10:15:00Z,59478.46783344,59610,59478,59569
2021-04-02T10:20:00Z,59568.96248612,59645,59568,59639
2021-04-02T10:25:00Z,59643.68487164,59644,59578,59600
2021-04-02T10:30:00Z,59608,59653,59608,59650
2021-04-02T10:35:00Z,59650.240356,59650.240356,59575,59639.644783
2021-04-02T10:40:00Z,59639.644783,59639.644783,59576,59621
2021-04-02T10:45:00Z,59625,59634,59526,59536
2021-04-02T10:50:00Z,59535,59598.974358,59535,59588
2021-04-02T10:55:00Z,59588,59678,59588,59632.4063825
2021-04-02T11:00:00Z,59633,59669,59609,59616
2021-04-02T11:05:00Z,59617,59640,59545,59552
2021-04-02T11:10:00Z,59558,59596,59542,59575
2021-04-02T11:15:00Z,59581,59635,59551,59635
2021-04-02T11:20:00Z,59637,59655.38728608,59480,59491
2021-04-02T11:25:00Z,59491,59542,59483,59514
2021-04-02T11:30:00Z,59532,59533,59450,59469
2021-04-02T11:35:00Z,59451,59480,59425,59471
2021-04-02T11:40:00Z,59471,59582,59453,59503
2021-04-02T11:45:00Z,59511,59525,59495,59524.567265
2021-04-02T11:50:00Z,59524.567265,59530,59494,59530
2021-04-02T11:55:00Z,59530,59540,59483,59536
2021-04-02T12:00:00Z,59537,59550,59480,59480
2021-04-02T12:05:00Z,59473,59473,59388,59417
2021-04-02T12:10:00Z,59401,59401,59223,59264
2021-04-02T12:15:00Z,59270,59406.97742122,59265,59404
2021-04-02T12:20:00Z,59400,59428.96645014,59352.632898,59428.96645014
2021-04-02T12:25:00Z,59390,59438.577783,59321,59376
2021-04-02T12:30:00Z,59372,59524.83109804,59362.7510585,59452
2021-04-02T12:35:00Z,59455,59490,59411.493414,59448.567951
2021-04-02T12:40:00Z,59450,59501,59431.44550068,59431.44550068
2021-04-02T12:45:00Z,59438,59462,59400,59434
2021-04-02T12:50:00Z,59435,59471,59435,59468.4307078
2021-04-02T12:55:00Z,59469,59512,59451.9515892,59503
2021-04-02T13:00:00Z,59503,59503,59464,59496.51666114
2021-04-02T13:05:00Z,59497,59497,59282,59301
2021-04-02T13:10:00Z,59300.515902,59380,59275.22355648,59365
2021-04-02T13:15:00Z,59322,59367,59290,59290
2021-04-02T13:20:00Z,59290,59343.894207,59225,59249.02897704
2021-04-02T13:25:00Z,59235,59331,59224,59302
2021-04-02T13:30:00Z,59302.75609575,59302.75609575,59011,59139
2021-04-02T13:35:00Z,59135,59154,59010,59030
2021-04-02T13:40:00Z,59031,59189,59031,59149
2021-04-02T13:45:00Z,59150,59200,59149,59158
2021-04-02T13:50:00Z,59165,59169,59071,59134.114796
2021-04-02T13:55:00Z,59134,59230.2714465,59088,59189
2021-04-02T14:00:00Z,59188,59246,59145,59242
2021-04-02T14:05:00Z,59212,59298,59200,59263
2021-04-02T14:10:00Z,59285,59322,59260,59274
2021-04-02T14:15:00Z,59274,59282,59210,59221
2021-04-02T14:20:00Z,59221,59221,59161,59189
2021-04-02T14:25:00Z,59194,59223,59151,59151
2021-04-02T14:30:00Z,59160,59169,59089,59120
2021-04-02T14:35:00Z,59116,59120,59064,59119
2021-04-02T14:40:00Z,59119,59333,59116,59298
2021-04-02T14:45:00Z,59301,59401.72754044,59261,59282
2021-04-02T14:50:00Z,59282,59390,59282,59382.91693488
2021-04-02T14:55:00Z,59381.74131489,59381.74131489,59366,59370
2021-04-02T15:00:00Z,59369.5596,59512,59369,59489.71712
2021-04-02T15:05:00Z,59490,59595,59490,59521
2021-04-02T15:10:00Z,59525,59674,59525,59572
2021-04-02T15:15:00Z,59572,59604,59500.16751276,59533
2021-04-02T15:20:00Z,59532.904736,59590,59531,59553
2021-04-02T15:25:00Z,59552,59595,59519,59545
2021-04-02T15:30:00Z,59546,59583,59501,59501
2021-04-02T15:35:00Z,59502,59527,59420,59455
2021-04-02T15:40:00Z,59455,59455,59430,59455
2021-04-02T15:45:00Z,59455,59504,59455,59472
2021-04-02T15:50:00Z,59463,59463.4335,59400,59448
2021-04-02T15:55:00Z,59461,59510.34092042,59400,59488
2021-04-02T16:00:00Z,59487.99602343,59597,59461,59471
2021-04-02T16:05:00Z,59461,59461,59401.1083095,59423
2021-04-02T16:10:00Z,59422,59428,59343,59411.2509914
2021-04-02T16:15:00Z,59386,59432,59329,59341.40123944
2021-04-02T16:20:00Z,59352,59372,59253,59372
2021-04-02T16:25:00Z,59372,59374,59296,59321
2021-04-02T16:30:00Z,59321,59322,59262,59321
2021-04-02T16:35:00Z,59313,59333,59273.70533567,59333
2021-04-02T16:40:00Z,59333,59439,59332,59362
2021-04-02T16:45:00Z,59362,59362,59299,59301.11922516
2021-04-02T16:50:00Z,59301.11922516,59301.11922516,59209,59215
2021-04-02T16:55:00Z,59209,59209,59166,59200
2021-04-02T17:00:00Z,59230.8923452,59240,59177,59227.36389649
2021-04-02T17:05:00Z,59227.36389649,59243,59095,59101
2021-04-02T17:10:00Z,59101,59191,59082,59101.40338913
2021-04-02T17:15:00Z,59101,59137,59082,59082
2021-04-02T17:20:00Z,59082.18829275,59133,59077,59114
2021-04-02T17:25:00Z,59114,59184,59108.19218804,59108.19218804
2021-04-02T17:30:00Z,59110,59150,59073,59141
2021-04-02T17:35:00Z,59140.8348468,59142,59115.43270356,59142
2021-04-02T17:40:00Z,59142,59142,59127,59142
2021-04-02T17:45:00Z,59134,59134,59095,59100
2021-04-02T17:50:00Z,59099,59228,59020,59151
2021-04-02T17:55:00Z,59130,59177,59130,59177
2021-04-02T18:00:00Z,59177,59200.18835488,59088,59088
2021-04-02T18:05:00Z,59088,59173,59052,59161
2021-04-02T18:10:00Z,59161,59325,59161,59261
2021-04-02T18:15:00Z,59260,59273,59221,59250
2021-04-02T18:20:00Z,59250.180821,59250.180821,59200,59200
2021-04-02T18:25:00Z,59200,59200,59163,59187
2021-04-02T18:30:00Z,59185,59185,59143,59164
2021-04-02T18:35:00Z,59164,59169,59099.172507,59122
2021-04-02T18:40:00Z,59122,59174,59121,59122
2021-04-02T18:45:00Z,59121,59121,59057.781466,59058
2021-04-02T18:50:00Z,59058,59089,59010,59089
2021-04-02T18:55:00Z,59089,59089,59085,59086
2021-04-02T19:00:00Z,59085,59085,58982,58993
2021-04-02T19:05:00Z,58994,58994,58550,58691
2021-04-02T19:10:00Z,58690,58789,58678,58766
2021-04-02T19:15:00Z,58766,58854,58724,58843
2021-04-02T19:20:00Z,58850,58853,58761,58831
2021-04-02T19:25:00Z,58823,58939,58812.87699592,58840
2021-04-02T19:30:00Z,58819,58831,58762,58805
2021-04-02T19:35:00Z,58805,58911,58803,58874
2021-04-02T19:40:00Z,58874,58967,58845,58954.71826503
2021-04-02T19:45:00Z,58954.71826503,58968,58890,58920
2021-04-02T19:50:00Z,58920,58923,58811,58882
2021-04-02T19:55:00Z,58876,58882,58841,58851
2021-04-02T20:00:00Z,58841,58855,58761,58829.797312
2021-04-02T20:05:00Z,58830,58923,58830,58910.397585
2021-04-02T20:10:00Z,58915,58948,58849.4054022,58934
2021-04-02T20:15:00Z,58948.20537189,58955,58834,58873
2021-04-02T20:20:00Z,58879,58882,58775,58786
2021-04-02T20:25:00Z,58786,58799,58785,58785
2021-04-02T20:30:00Z,58784.71564194,58842,58688,58841
2021-04-02T20:35:00Z,58842,58914,58800,58805
2021-04-02T20:40:00Z,58806,58816,58762,58766
2021-04-02T20:45:00Z,58766,58793,58600,58618.116414
2021-04-02T20:50:00Z,58618,58684.7390402,58580,58664
2021-04-02T20:55:00Z,58664,58712,58568.9595372,58641
2021-04-02T21:00:00Z,58630.47338772,58630.47338772,58400,58594
2021-04-02T21:05:00Z,58602,58631,58525.78031498,58607
2021-04-02T21:10:00Z,58615,58617,58539,58548
2021-04-02T21:15:00Z,58548,58633,58439,58633
2021-04-02T21:20:00Z,58633,58700,58633,58699.852248
2021-04-02T21:25:00Z,58700,58700,58645,58687.24610196
2021-04-02T21:30:00Z,58687.24610196,58710,58649.6125026,58660
2021-04-02T21:35:00Z,58660,58751,58660,58744
2021-04-02T21:40:00Z,58744,58824,58744,58823.66789964
2021-04-02T21:45:00Z,58824,58824,58731,58759
2021-04-02T21:50:00Z,58759,58820.894046,58731,58769
2021-04-02T21:55:00Z,58769,58780,58721,58726
2021-04-02T22:00:00Z,58721,58780,58611,58738
2021-04-02T22:05:00Z,58756,58789,58717,58750
2021-04-02T22:10:00Z,58748,58863,58745,58848
2021-04-02T22:15:00Z,58823,58835,58791.085245,58800
2021-04-02T22:20:00Z,58791,58842.48469932,58791,58840
2021-04-02T22:25:00Z,58835,58870,58835,58869
2021-04-02T22:30:00Z,58862,58863,58800,58827
2021-04-02T22:35:00Z,58828,58836,58761,58790
2021-04-02T22:40:00Z,58784.762166,58836,58761,58824
2021-04-02T22:45:00Z,58820,58825,58809,58825
2021-04-02T22:50:00Z,58825,58909.51954818,58825,58887
2021-04-02T22:55:00Z,58869,58869,58811,58811
2021-04-02T23:00:00Z,58812,58879.82582188,58811,58878
2021-04-02T23:05:00Z,58873,58874,58798,58804
2021-04-02T23:10:00Z,58817,58836.30239835,58758.85151582,58758.85151582
2021-04-02T23:15:00Z,58758.98515074,58860.639114,58728,58840
2021-04-02T23:20:00Z,58840,58988,58839,58988
2021-04-02T23:25:00Z,58988,59089,58924,59086
2021-04-02T23:30:00Z,59086,59130,59052,59084
2021-04-02T23:35:00Z,59084,59098,59013,59013
2021-04-02T23:40:00Z,59013,59054,58965,59001
2021-04-02T23:45:00Z,59001,59011,59001,59004
2021-04-02T23:50:00Z,59005,59005,58918,58946
2021-04-02T23:55:00Z,58940,59002,58930,58959
2021-04-03T00:00:00Z,58958.19519,59069.46234546,58944,58944
2021-04-03T00:05:00Z,58951,59133,58950,59133
2021-04-03T00:10:00Z,59133,59223.34546658,59133,59212
2021-04-03T00:15:00Z,59209,59430,59205,59358
2021-04-03T00:20:00Z,59377.39225204,59382.09597068,59253,59260
2021-04-03T00:25:00Z,59264,59284,59189,59216
2021-04-03T00:30:00Z,59226,59291,59226,59244
2021-04-03T00:35:00Z,59240,59278.12971244,59162,59162
2021-04-03T00:40:00Z,59169,59239,59132.531511,59228.280993
2021-04-03T00:45:00Z,59232,59279.79877134,59189,59240
2021-04-03T00:50:00Z,59238,59333,59213.9380293,59313
2021-04-03T00:55:00Z,59306,59400,59302,59396.294235
2021-04-03T01:00:00Z,59396,59397,59295,59340.93843258
2021-04-03T01:05:00Z,59335,59340,59256,59273
2021-04-03T01:10:00Z,59280,59336,59250,59304.157941
2021-04-03T01:15:00Z,59296.1087075,59320,59253,59320
2021-04-03T01:20:00Z,59320.44715681,59339,59261,59286
2021-04-03T01:25:00Z,59285.04471054,59308,59237,59237
2021-04-03T01:30:00Z,59236.63972384,59250,59209,59231
2021-04-03T01:35:00Z,59225.57572688,59234,59182,59182
2021-04-03T01:40:00Z,59182,59182,59100,59124
2021-04-03T01:45:00Z,59123.233755,59139,59049,59126
2021-04-03T01:50:00Z,59126,59233,59126,59231
2021-04-03T01:55:00Z,59231,59236,59230,59236
2021-04-03T02:00:00Z,59235.507369,59249,59118,59249
2021-04-03T02:05:00Z,59249.08665788,59264.44271461,59184,59225
2021-04-03T02:10:00Z,59226,59245,59179,59179
2021-04-03T02:15:00Z,59179.502955,59253,59144,59253
2021-04-03T02:20:00Z,59252.74370808,59253,59157,59157
2021-04-03T02:25:00Z,59161.95774436,59222,59161.437015,59210.41024032
2021-04-03T02:30:00Z,59211,59234,59199,59199
2021-04-03T02:35:00Z,59199,59223,59171,59191
2021-04-03T02:40:00Z,59177,59218,59161,59218
2021-04-03T02:45:00Z,59218,59218,59204,59218
2021-04-03T02:50:00Z,59218,59350,59218,59349
2021-04-03T02:55:00Z,59345.64215122,59346,59306,59346
2021-04-03T03:00:00Z,59346,59350,59291,59327
2021-04-03T03:05:00Z,59325.15169952,59326,59292,59293.34270826
2021-04-03T03:10:00Z,59293,59331,59293,59322
2021-04-03T03:15:00Z,59313,59313,59282,59287.81070978
2021-04-03T03:20:00Z,59282,59313,59276,59276.26230128
2021-04-03T03:25:00Z,59276.74671282,59300,59245,59246
2021-04-03T03:30:00Z,59246,59246.32072118,59175,59194
2021-04-03T03:35:00Z,59186.85173752,59209.311756,59175,59175
2021-04-03T03:40:00Z,59175.78774056,59188,59172,59172.276579
2021-04-03T03:45:00Z,59172,59196.2990844,59171.6387417,59193
2021-04-03T03:50:00Z,59193.76673562,59243,59172.7804912,59175
2021-04-03T03:55:00Z,59228,59228,59193,59197
2021-04-03T04:00:00Z,59205,59227,59170,59227
2021-04-03T04:05:00Z,59226.87325556,59226.87325556,59207,59223
2021-04-03T04:10:00Z,59224,59229,59224,59228.04918522
2021-04-03T04:15:00Z,59228.04918522,59276,59228,59272
2021-04-03T04:20:00Z,59272,59280,59272,59280
2021-04-03T04:25:00Z,59280,59284,59253,59284
2021-04-03T04:30:00Z,59284,59284,59250.39184876,59251
2021-04-03T04:35:00Z,59251,59314,59251,59314
2021-04-03T04:40:00Z,59314,59333.88285462,59301.64070598,59309
2021-04-03T04:45:00Z,59318,59383.23768356,59317,59370
2021-04-03T04:50:00Z,59370,59377.39225204,59342,59371
2021-04-03T04:55:00Z,59367,59383.23768356,59364,59382
2021-04-03T05:00:00Z,59375,59378,59345,59347
2021-04-03T05:05:00Z,59346,59347,59335,59338
2021-04-03T05:10:00Z,59335,59429,59335,59409
2021-04-03T05:15:00Z,59410,59507,59409,59463
2021-04-03T05:20:00Z,59465,59504,59465,59467
2021-04-03T05:25:00Z,59467.60066038,59467.654698,59404,59404
2021-04-03T05:30:00Z,59404,59444,59346,59444
2021-04-03T05:35:00Z,59436,59443.244313,59436,59442.362382
2021-04-03T05:40:00Z,59443,59472,59422,59424
2021-04-03T05:45:00Z,59423.25350878,59446,59422,59422.489848
2021-04-03T05:50:00Z,59423,59454,59381,59384.551374
2021-04-03T05:55:00Z,59384.551374,59443,59384.44783,59430.25967064
2021-04-03T06:00:00Z,59439,59471.74965924,59430,59430
2021-04-03T06:05:00Z,59430,59430,59403,59403
2021-04-03T06:10:00Z,59403,59404,59326,59367.388731
2021-04-03T06:15:00Z,59356,59375,59333,59345
2021-04-03T06:20:00Z,59345,59375,59335,59335
2021-04-03T06:25:00Z,59335,59360,59320,59320
2021-04-03T06:30:00Z,59320,59320.417287,59256,59256
2021-04-03T06:35:00Z,59256.27149706,59298,59228,59259.79928604
2021-04-03T06:40:00Z,59254,59271,59170,59271
2021-04-03T06:45:00Z,59285,59324,59284.285407,59308
2021-04-03T06:50:00Z,59308,59363.775543,59308,59353
2021-04-03T06:55:00Z,59353,59375.54830156,59341,59366
2021-04-03T07:00:00Z,59365,59398.55898592,59318.59576904,59335
2021-04-03T07:05:00Z,59349,59350,59331,59336
2021-04-03T07:10:00Z,59336,59365,59301,59303
2021-04-03T07:15:00Z,59304,59304.157941,59280,59304.157941
2021-04-03T07:20:00Z,59304,59342.096415,59261,59261
2021-04-03T07:25:00Z,59261.533717,59339,59261,59331
2021-04-03T07:30:00Z,59332,59351,59331,59339.386524
2021-04-03T07:35:00Z,59339,59351,59316,59350
2021-04-03T07:40:00Z,59351,59351,59330.35506564,59333
2021-04-03T07:45:00Z,59333,59333,59274,59283
2021-04-03T07:50:00Z,59282,59322.12355802,59274,59283
2021-04-03T07:55:00Z,59283,59283.41196116,59283,59283.38211
2021-04-03T08:00:00Z,59284,59362.90213719,59284,59301.14419152
2021-04-03T08:05:00Z,59313,59408,59305,59408
2021-04-03T08:10:00Z,59408,59841,59408,59688
2021-04-03T08:15:00Z,59688,59717,59570,59660
2021-04-03T08:20:00Z,59660,59668,59533,59575
2021-04-03T08:25:00Z,59575,59575,59482.8136562,59487
2021-04-03T08:30:00Z,59489,59512,59456,59461.331619
2021-04-03T08:35:00Z,59462,59466,59350,59363
2021-04-03T08:40:00Z,59363,59398,58710,58917
2021-04-03T08:45:00Z,58910,59116.33586752,58836.95283366,59050
2021-04-03T08:50:00Z,59052,59108.1043599,58972,59099
2021-04-03T08:55:00Z,59081,59098,59024,59024
2021-04-03T09:00:00Z,59023.65778236,59044,58800,58808
2021-04-03T09:05:00Z,58812,58930,58764,58930
2021-04-03T09:10:00Z,58930,59029,58924,59028
2021-04-03T09:15:00Z,59027,59067,58999,59047
2021-04-03T09:20:00Z,59047,59094,59046,59082
2021-04-03T09:25:00Z,59081,59120,59064.59496248,59104
2021-04-03T09:30:00Z,59104,59131,59100,59111.63214888
2021-04-03T09:35:00Z,59111.63214888,59149,59111.63214888,59138
2021-04-03T09:40:00Z,59138,59149,59112.97619472,59123
2021-04-03T09:45:00Z,59126,59127,59090,59090
2021-04-03T09:50:00Z,59091,59283,59091,59283
2021-04-03T09:55:00Z,59283,59349,59257,59349
2021-04-03T10:00:00Z,59349,59436,59348,59377
2021-04-03T10:05:00Z,59379,59413,59335,59364
2021-04-03T10:10:00Z,59370,59405,59369.16074442,59405
2021-04-03T10:15:00Z,59405,59617,59405,59617
2021-04-03T10:20:00Z,59617,59641,59521,59571
2021-04-03T10:25:00Z,59571,59571.533853,59499,59527
2021-04-03T10:30:00Z,59527,59569,59527,59553
2021-04-03T10:35:00Z,59553,59553,59463.23511722,59485.720638
2021-04-03T10:40:00Z,59485,59503,59483,59502
2021-04-03T10:45:00Z,59502.883281,59539,59488,59517
2021-04-03T10:50:00Z,59517,59517.32788158,59384.44783,59439
2021-04-03T10:55:00Z,59440,59440,59301,59301
2021-04-03T11:00:00Z,59301,59390,59301,59388
2021-04-03T11:05:00Z,59388,59400,59361,59400
2021-04-03T11:10:00Z,59409,59409,59349,59381
2021-04-03T11:15:00Z,59381,59400,59345,59368
2021-04-03T11:20:00Z,59368,59368,59300,59300.544753
2021-04-03T11:25:00Z,59300,59300,59212,59240.98441148
2021-04-03T11:30:00Z,59240,59329,59240,59329
2021-04-03T11:35:00Z,59320.94762836,59352,59294,59352
2021-04-03T11:40:00Z,59348,59379.0886847,59328,59342.096415
2021-04-03T11:45:00Z,59351,59351,59265,59272.59771396
2021-04-03T11:50:00Z,59273,59273,59265,59265.31617
2021-04-03T11:55:00Z,59265,59273,59190,59249.08672042
2021-04-03T12:00:00Z,59269,59292,59219.8176776,59219.8176776
2021-04-03T12:05:00Z,59219.8176776,59252,59115,59252
2021-04-03T12:10:00Z,59253,59325,59253,59325
2021-04-03T12:15:00Z,59325,59334,59290.57670902,59307.771129
2021-04-03T12:20:00Z,59308.55570408,59309,59270,59270
2021-04-03T12:25:00Z,59270,59284,59212.95475968,59280
2021-04-03T12:30:00Z,59280,59320,59201.21189277,59227
2021-04-03T12:35:00Z,59227,59277,59203.891974,59272
2021-04-03T12:40:00Z,59272,59272,59205.70652168,59221
2021-04-03T12:45:00Z,59205.698568,59274,59181.01199882,59268
2021-04-03T12:50:00Z,59265.68271586,59276,59226,59226
2021-04-03T12:55:00Z,59251,59276,59216,59242
2021-04-03T13:00:00Z,59251,59299,59160,59190
2021-04-03T13:05:00Z,59192,59244.540339,59158,59223
2021-04-03T13:10:00Z,59219,59277,59184,59276
2021-04-03T13:15:00Z,59276,59330,59275,59311.384317
2021-04-03T13:20:00Z,59311,59326,59289,59326
2021-04-03T13:25:00Z,59325,59379.0886847,59325,59376
2021-04-03T13:30:00Z,59376,59472,59376,59389.15154864
2021-04-03T13:35:00Z,59389,59389,59334,59349
2021-04-03T13:40:00Z,59349,59389,59347,59347
2021-04-03T13:45:00Z,59349,59376,59349,59363
2021-04-03T13:50:00Z,59366,59385,59362,59363
2021-04-03T13:55:00Z,59362,59389,59362,59389
2021-04-03T14:00:00Z,59388.76968204,59420,59384,59403
2021-04-03T14:05:00Z,59402,59402.0867749,59363.80543464,59382
2021-04-03T14:10:00Z,59378,59383,59335,59335
2021-04-03T14:15:00Z,59335.05878428,59336,59335,59335.773336
2021-04-03T14:20:00Z,59335.773336,59361,59327,59327
2021-04-03T14:25:00Z,59327,59340,59311,59320
2021-04-03T14:30:00Z,59328,59364,59327,59355
2021-04-03T14:35:00Z,59356,59362,59311,59325
2021-04-03T14:40:00Z,59325,59326,59311,59311
2021-04-03T14:45:00Z,59311.32170332,59311.32170332,59189,59260
2021-04-03T14:50:00Z,59260,59285,59212,59221
2021-04-03T14:55:00Z,59221,59238,59140,59140
2021-04-03T15:00:00Z,59140,59178,59031,59178
2021-04-03T15:05:00Z,59177.696361,59226,59153,59183
2021-04-03T15:10:00Z,59176,59187,59086,59086
2021-04-03T15:15:00Z,59086,59150,59073.84695164,59138.67853106
2021-04-03T15:20:00Z,59129,59129,59083.12676602,59113
2021-04-03T15:25:00Z,59113,59113,59052,59052
2021-04-03T15:30:00Z,59051.65973622,59089,58987,59089
2021-04-03T15:35:00Z,59088.269958,59112,59057,59061
2021-04-03T15:40:00Z,59060,59139,59060,59137
2021-04-03T15:45:00Z,59123,59136,59065,59065
2021-04-03T15:50:00Z,59065,59065,58800,58893
2021-04-03T15:55:00Z,58893,58970,58804,58804
2021-04-03T16:00:00Z,58805,58881,58630,58774
2021-04-03T16:05:00Z,58775,59011.67812778,58775,58903
2021-04-03T16:10:00Z,58865,59023,58850,58975
2021-04-03T16:15:00Z,58975,59139,58975,59100
2021-04-03T16:20:00Z,59076,59078,58968,58999
2021-04-03T16:25:00Z,58989,59073,58955,59067
2021-04-03T16:30:00Z,59067,59131,59061,59084.5857667
2021-04-03T16:35:00Z,59084.5857667,59084.5857667,59045,59067
2021-04-03T16:40:00Z,59067,59067,58980,58980
2021-04-03T16:45:00Z,58981,59047,58939,58939.29480554
2021-04-03T16:50:00Z,58939,58949.3538558,58842,58871.74249824
2021-04-03T16:55:00Z,58871.74249824,58871.74249824,58700,58782
2021-04-03T17:00:00Z,58785.78184772,58803,58709.46420516,58750
2021-04-03T17:05:00Z,58751,58751,58550,58571.88043494
2021-04-03T17:10:00Z,58569,58769,58550,58714.1679238
2021-04-03T17:15:00Z,58707,58707.078624,58550,58605
2021-04-03T17:20:00Z,58605,58605,58255,58531
2021-04-03T17:25:00Z,58514,58570,58475,58532
2021-04-03T17:30:00Z,58532,58594.166499,58361,58591
2021-04-03T17:35:00Z,58591,58658.54588268,58539,58596
2021-04-03T17:40:00Z,58601,58602,58459,58477
2021-04-03T17:45:00Z,58478,58569,58458,58493.09314772
2021-04-03T17:50:00Z,58491.91721806,58556,58290,58319.05555804
2021-04-03T17:55:00Z,58320,58389,58255,58261
2021-04-03T18:00:00Z,58261,58261,57800,57894
2021-04-03T18:05:00Z,57886.83209472,58329,57820,58329
2021-04-03T18:10:00Z,58339,58364.729061,58211,58211
2021-04-03T18:15:00Z,58204,58370,58159,58340
2021-04-03T18:20:00Z,58341,58400,58281.42580892,58389
2021-04-03T18:25:00Z,58389,58460,58329.63892498,58411
2021-04-03T18:30:00Z,58431.9448054,58488,58371,58416
2021-04-03T18:35:00Z,58416,58416,58300,58405
2021-04-03T18:40:00Z,58406,58417,58304,58349
2021-04-03T18:45:00Z,58349,58405,58300,58348.469715
2021-04-03T18:50:00Z,58348,58463.21787217,58327,58438
2021-04-03T18:55:00Z,58438,58466.801622,58378.30791141,58463
2021-04-03T19:00:00Z,58462,58542,58368,58485.770859
2021-04-03T19:05:00Z,58485,58727,58485,58725
2021-04-03T19:10:00Z,58697,58715,58572,58573
2021-04-03T19:15:00Z,58595,58609.51018406,58532,58587
2021-04-03T19:20:00Z,58583,58596,58525.515927,58538.162085
2021-04-03T19:25:00Z,58535,58535,58425,58458.99118758
2021-04-03T19:30:00Z,58459,58459,58274,58317
2021-04-03T19:35:00Z,58274,58289,58133,58180.29585816
2021-04-03T19:40:00Z,58181,58306,58177,58276.205955
2021-04-03T19:45:00Z,58277,58391,58235,58364
2021-04-03T19:50:00Z,58335,58371,58233,58317
2021-04-03T19:55:00Z,58319,58558,58317,58558
2021-04-03T20:00:00Z,58558,58558,58400,58425
2021-04-03T20:05:00Z,58425.24996,58426,58212,58313.241132
2021-04-03T20:10:00Z,58315,58358,58253.62353,58325
2021-04-03T20:15:00Z,58298,58298,58229.68490388,58235.34799896
2021-04-03T20:20:00Z,58240,58247.79499554,58149,58189
2021-04-03T20:25:00Z,58190,58384,58179,58305
2021-04-03T20:30:00Z,58300,58425,58294,58373
2021-04-03T20:35:00Z,58373,58373,58305.111459,58306
2021-04-03T20:40:00Z,58307,58308,58154,58154
2021-04-03T20:45:00Z,58153.75102138,58170,57882,57945
2021-04-03T20:50:00Z,57943.9339965,58007,57757,57979
2021-04-03T20:55:00Z,57990,58061,57880,57981
2021-04-03T21:00:00Z,57980,58077,57878.534097,58077
2021-04-03T21:05:00Z,58078,58136,58070,58075
2021-04-03T21:10:00Z,58068,58068,57884.06609548,57884.06609548
2021-04-03T21:15:00Z,57884.06609548,57965,57748,57951
2021-04-03T21:20:00Z,57951,58096,57950,58032.315765
2021-04-03T21:25:00Z,58030,58035.025656,57961,58031
2021-04-03T21:30:00Z,58031,58119,57941,58119
2021-04-03T21:35:00Z,58119.06154187,58226,58119.06154187,58184
2021-04-03T21:40:00Z,58181,58182.263067,57953,57955
2021-04-03T21:45:00Z,57970,58039,57791,57846
2021-04-03T21:50:00Z,57849,57889,57505,57607.61811374
2021-04-03T21:55:00Z,57607,57699,57505,57609
2021-04-03T22:00:00Z,57602.9143951,57602.9143951,57315,57449
2021-04-03T22:05:00Z,57449,57497,57300,57377
2021-04-03T22:10:00Z,57377,57580,57377,57559
2021-04-03T22:15:00Z,57559,57696,57479.4417808,57696
2021-04-03T22:20:00Z,57696,57731,57568,57628
2021-04-03T22:25:00Z,57619,57619,57406,57406
2021-04-03T22:30:00Z,57406,57434,57120,57220
2021-04-03T22:35:00Z,57231,57449,57222,57300
2021-04-03T22:40:00Z,57308,57459,57293.418819,57451
2021-04-03T22:45:00Z,57450,57539,57429.0592205,57526
2021-04-03T22:50:00Z,57539,57575,57531,57569
2021-04-03T22:55:00Z,57570,57600,57551.17349006,57574
2021-04-03T23:00:00Z,57551,57551,57366,57542.728791
2021-04-03T23:05:00Z,57554.471652,57647,57554.471652,57647
2021-04-03T23:10:00Z,57645,57647,57519,57586
2021-04-03T23:15:00Z,57585,57711,57585,57691
2021-04-03T23:20:00Z,57690,57694.63690858,57611.379363,57642.89600354
2021-04-03T23:25:00Z,57653,57653,57561,57623
2021-04-03T23:30:00Z,57622.90519932,57622.90519932,57388,57388
2021-04-03T23:35:00Z,57400,57400,57016,57016
2021-04-03T23:40:00Z,57017,57156,56872,57152
2021-04-03T23:45:00Z,57152,57154,56980,57001
2021-04-03T23:50:00Z,57000,57104,56961,57100
2021-04-03T23:55:00Z,57101,57101,56973.651681,57020
2021-04-04T00:00:00Z,57029,57030,56550,56795
2021-04-04T00:05:00Z,56799,56963,56711,56792
2021-04-04T00:10:00Z,56794,56871,56783.29142208,56798
2021-04-04T00:15:00Z,56798,56936,56667.46253194,56916
2021-04-04T00:20:00Z,56915,57049,56892.65288046,57047
2021-04-04T00:25:00Z,57035.979174,57066,56980,57066
2021-04-04T00:30:00Z,57066,57101,56990,57000
2021-04-04T00:35:00Z,56996,57000,56850,56927.583534
2021-04-04T00:40:00Z,56930,57107,56885,57107
2021-04-04T00:45:00Z,57107,57262,57069,57069
2021-04-04T00:50:00Z,57069,57100,56897.98736642,56897.98736642
2021-04-04T00:55:00Z,56897,56899,56688,56688
2021-04-04T01:00:00Z,56688,56712,56500,56562
2021-04-04T01:05:00Z,56574,56705,56500,56653
2021-04-04T01:10:00Z,56637,56813.86559324,56637,56802
2021-04-04T01:15:00Z,56802,56963,56801.17739302,56885
2021-04-04T01:20:00Z,56885,56895,56761,56772
2021-04-04T01:25:00Z,56760,56991,56691,56979
2021-04-04T01:30:00Z,56979,56979,56818,56890
2021-04-04T01:35:00Z,56889.64506,57017,56859,56994
2021-04-04T01:40:00Z,56993.78283122,57017,56916.17147366,56939
2021-04-04T01:45:00Z,56937,57071,56937,57032
2021-04-04T01:50:00Z,57004,57143,57004,57129
2021-04-04T01:55:00Z,57131.36660144,57133,56926,56980
2021-04-04T02:00:00Z,56980,57124.31102348,56980,57121
2021-04-04T02:05:00Z,57124,57161,57093,57102
2021-04-04T02:10:00Z,57095,57172,57091,57147
2021-04-04T02:15:00Z,57145.47775736,57323,57134,57284
2021-04-04T02:20:00Z,57291,57343,57276,57341
2021-04-04T02:25:00Z,57342,57414,57341,57356
2021-04-04T02:30:00Z,57356,57360,57261,57278
2021-04-04T02:35:00Z,57278,57317,57261,57296
2021-04-04T02:40:00Z,57283,57396,57283,57391
2021-04-04T02:45:00Z,57387,57387,57255,57261
2021-04-04T02:50:00Z,57300,57382,57300,57382
2021-04-04T02:55:00Z,57382.03723342,57393,57359,57360
2021-04-04T03:00:00Z,57349,57454,57270,57408
2021-04-04T03:05:00Z,57408,57408,57323,57401.83042324
2021-04-04T03:10:00Z,57404,57404,57327,57380
2021-04-04T03:15:00Z,57388,57388,57250,57250
2021-04-04T03:20:00Z,57250.65226952,57319.614432,57233,57247.88627028
2021-04-04T03:25:00Z,57247,57333,57247,57297
2021-04-04T03:30:00Z,57289,57339,57265,57282
2021-04-04T03:35:00Z,57287,57365,57250,57364
2021-04-04T03:40:00Z,57365,57425,57351,57361
2021-04-04T03:45:00Z,57328.647402,57430,57323,57428
2021-04-04T03:50:00Z,57430,57454,57391,57454
2021-04-04T03:55:00Z,57453.95321366,57554,57453.95321366,57519
2021-04-04T04:00:00Z,57516,57602,57500,57585
2021-04-04T04:05:00Z,57551,57568,57478,57498
2021-04-04T04:10:00Z,57492,57499,57462,57477
2021-04-04T04:15:00Z,57462,57524,57422,57508.8400223
2021-04-04T04:20:00Z,57523,57585,57490,57501
2021-04-04T04:25:00Z,57502,57566.214513,57476,57487
2021-04-04T04:30:00Z,57500,57507,57420.76122278,57420.76122278
2021-04-04T04:35:00Z,57420.76122278,57522,57386.45841,57477
2021-04-04T04:40:00Z,57477,57511,57477,57477.691407
2021-04-04T04:45:00Z,57477,57539,57477,57531.889227
2021-04-04T04:50:00Z,57531,57547,57477,57546
2021-04-04T04:55:00Z,57535,57567,57520,57551
2021-04-04T05:00:00Z,57542.46518934,57589,57542.46518934,57589
2021-04-04T05:05:00Z,57588.80323918,57610,57517,57518.24745958
2021-04-04T05:10:00Z,57518,57595,57478,57517
2021-04-04T05:15:00Z,57518.9541958,57560.58092734,57516.18819656,57516.18819656
2021-04-04T05:20:00Z,57514.80519694,57590,57489,57489
2021-04-04T05:25:00Z,57488.530971,57508,57477,57478.26585114
2021-04-04T05:30:00Z,57483,57487,57312,57315
2021-04-04T05:35:00Z,57315,57380.66368936,57315,57365
2021-04-04T05:40:00Z,57381,57453,57373,57453
2021-04-04T05:45:00Z,57467,57550,57465,57549
2021-04-04T05:50:00Z,57541,57548,57461,57461
2021-04-04T05:55:00Z,57461.8028359,57501,57411,57484
2021-04-04T06:00:00Z,57450,57529,57400,57484.14549944
2021-04-04T06:05:00Z,57514,57539,57379.4877597,57379.4877597
2021-04-04T06:10:00Z,57379.27123418,57383,57259,57272
2021-04-04T06:15:00Z,57285.4133869,57315,57100,57196
2021-04-04T06:20:00Z,57200,57252,57147,57249
2021-04-04T06:25:00Z,57232,57306.58012078,57221,57306.58012078
2021-04-04T06:30:00Z,57318,57416,57310,57366.585876
2021-04-04T06:35:00Z,57327.744105,57377.88823456,57279,57377.88823456
2021-04-04T06:40:00Z,57377,57377,57268,57277
2021-04-04T06:45:00Z,57267.774442,57400,57242,57362
2021-04-04T06:50:00Z,57364,57371,57276,57358
2021-04-04T06:55:00Z,57336,57394.61698309,57334,57394.61698309
2021-04-04T07:00:00Z,57394.61698309,57400,57356,57364
2021-04-04T07:05:00Z,57350,57482,57350,57440
2021-04-04T07:10:00Z,57441,57458,57435,57441
2021-04-04T07:15:00Z,57443,57475,57430,57430
2021-04-04T07:20:00Z,57421,57497,57410,57470
2021-04-04T07:25:00Z,57468,57468,57400,57404
2021-04-04T07:30:00Z,57413,57458,57413,57457
2021-04-04T07:35:00Z,57426,57426,57336,57340
2021-04-04T07:40:00Z,57350,57373,57335,57335
2021-04-04T07:45:00Z,57334.99935107,57440,57208.977959,57440
2021-04-04T07:50:00Z,57438,57576,57438,57503
2021-04-04T07:55:00Z,57489,57600,57489,57600
2021-04-04T08:00:00Z,57600,57620,57569,57600
2021-04-04T08:05:00Z,57601,57601,57500,57504
2021-04-04T08:10:00Z,57500,57508,57452,57491.2010774
2021-04-04T08:15:00Z,57491.2010774,57534.71047482,57491.2010774,57534.71047482
2021-04-04T08:20:00Z,57534.599118,57561,57496,57506
2021-04-04T08:25:00Z,57495,57566,57495,57566
2021-04-04T08:30:00Z,57563,57613,57518,57613
2021-04-04T08:35:00Z,57603,57619,57523,57555
2021-04-04T08:40:00Z,57568.924404,57568.924404,57536,57551
2021-04-04T08:45:00Z,57549,57562,57511,57512
2021-04-04T08:50:00Z,57511,57529,57447,57529
2021-04-04T08:55:00Z,57528,57528,57450,57450
2021-04-04T09:00:00Z,57450,57489,57422,57482
2021-04-04T09:05:00Z,57485,57539,57468,57538
2021-04-04T09:10:00Z,57537,57585.18375,57507,57570
2021-04-04T09:15:00Z,57585.21274606,57620,57585.21274606,57620
2021-04-04T09:20:00Z,57620,57640,57574,57590
2021-04-04T09:25:00Z,57605,57626,57505.1241996,57505.1241996
2021-04-04T09:30:00Z,57522,57562,57506.50719922,57562
2021-04-04T09:35:00Z,57563,57573,57525,57542
2021-04-04T09:40:00Z,57579.3958019,57639,57579.3958019,57632
2021-04-04T09:45:00Z,57638.1922849,57640,57614,57639
2021-04-04T09:50:00Z,57638,57640,57591,57640
2021-04-04T09:55:00Z,57640,57640,57621,57640
2021-04-04T10:00:00Z,57640,57660,57639.38157,57658
2021-04-04T10:05:00Z,57658,57658,57560,57566
2021-04-04T10:10:00Z,57561,57591,57532.792524,57546.341979
2021-04-04T10:15:00Z,57540,57575,57533,57552
2021-04-04T10:20:00Z,57550.76318706,57570,57545,57570
2021-04-04T10:25:00Z,57569,57586.45137986,57545,57583.95517794
2021-04-04T10:30:00Z,57594,57639,57509,57509
2021-04-04T10:35:00Z,57513,57608,57500,57589.97916884
2021-04-04T10:40:00Z,57589.700235,57589.700235,57525,57540
2021-04-04T10:45:00Z,57542,57615,57531,57609
2021-04-04T10:50:00Z,57609,57660,57609,57653
2021-04-04T10:55:00Z,57653.10515894,57680,57598,57680
2021-04-04T11:00:00Z,57680,57700,57625,57636
2021-04-04T11:05:00Z,57627,57661,57564.59299704,57564.59299704
2021-04-04T11:10:00Z,57570,57614,57561,57608.7940434
2021-04-04T11:15:00Z,57609,57653.86335263,57590,57648
2021-04-04T11:20:00Z,57648,57689,57618,57628
2021-04-04T11:25:00Z,57628,57668,57599.16817376,57599.16817376
2021-04-04T11:30:00Z,57599.16817376,57666.93515514,57593,57651.12751116
2021-04-04T11:35:00Z,57648.95616008,57649,57595,57600
2021-04-04T11:40:00Z,57600,57600,57316,57342
2021-04-04T11:45:00Z,57342,57436,57317,57423
2021-04-04T11:50:00Z,57422.99715712,57423,57354.79323684,57415
2021-04-04T11:55:00Z,57409,57409,57107,57204
2021-04-04T12:00:00Z,57238,57282,57000,57145
2021-04-04T12:05:00Z,57150,57219,57092.01233572,57219
2021-04-04T12:10:00Z,57224,57687,57224,57600
2021-04-04T12:15:00Z,57604,57886.83209472,57532,57881
2021-04-04T12:20:00Z,57867.915711,57923,57713,57753.196992
2021-04-04T12:25:00Z,57738,57835,57701,57730
2021-04-04T12:30:00Z,57732,57831.04474914,57720.87214032,57736
2021-04-04T12:35:00Z,57736.08513614,57885,57735,57828
2021-04-04T12:40:00Z,57849.8596237,57883,57804.684921,57863
2021-04-04T12:45:00Z,57860,57960,57850,57855
2021-04-04T12:50:00Z,57855,57864,57801,57817
2021-04-04T12:55:00Z,57816,57818,57774,57774.60012546
2021-04-04T13:00:00Z,57775,57837,57775,57817.331079
2021-04-04T13:05:00Z,57818,57887,57818,57859
2021-04-04T13:10:00Z,57854,57925.11912194,57847,57886
2021-04-04T13:15:00Z,57904,58142,57904,58105.482822
2021-04-04T13:20:00Z,58106,58142,58063,58071
2021-04-04T13:25:00Z,58071,58096,58012,58075
2021-04-04T13:30:00Z,58080,58175.036691,58053,58099.15671162
2021-04-04T13:35:00Z,58099,58160.66601948,58074,58089
2021-04-04T13:40:00Z,58088,58098,57998,58003
2021-04-04T13:45:00Z,58004,58085,58004,58085
2021-04-04T13:50:00Z,58089,58170,58089,58155
2021-04-04T13:55:00Z,58151,58194.40701408,58112.709198,58169
2021-04-04T14:00:00Z,58192,58351,58192,58298
2021-04-04T14:05:00Z,58296,58310,58173,58194
2021-04-04T14:10:00Z,58202,58216,58137.15502594,58168
2021-04-04T14:15:00Z,58168,58195,58125,58146
2021-04-04T14:20:00Z,58125,58135.61053108,58125,58125
2021-04-04T14:25:00Z,58125.02716414,58195,58125,58163
2021-04-04T14:30:00Z,58160.66601948,58211,58125,58144
2021-04-04T14:35:00Z,58131,58152,58125,58147
2021-04-04T14:40:00Z,58147,58153,58075,58078.383912
2021-04-04T14:45:00Z,58083,58144,58075.63811842,58097
2021-04-04T14:50:00Z,58097,58146,58078,58132.581732
2021-04-04T14:55:00Z,58132,58169,58112,58162
2021-04-04T15:00:00Z,58163,58250,58151,58175
2021-04-04T15:05:00Z,58168,58169,58140,58169
2021-04-04T15:10:00Z,58168.9640172,58308,58168.53656156,58223
2021-04-04T15:15:00Z,58233.750996,58285,58233.750996,58251
2021-04-04T15:20:00Z,58250,58320,58250,58288
2021-04-04T15:25:00Z,58296,58480,58296,58400
2021-04-04T15:30:00Z,58399,58464,58352,58400.19470458
2021-04-04T15:35:00Z,58400,58400.860941,58017,58126
2021-04-04T15:40:00Z,58126,58164,57801,58028
2021-04-04T15:45:00Z,58027,58166,57934,58145
2021-04-04T15:50:00Z,58145,58157,58085,58098
2021-04-04T15:55:00Z,58084.706991,58084.706991,57880,57965.10073038
2021-04-04T16:00:00Z,57952,58075,57732,58024
2021-04-04T16:05:00Z,58013,58062,57839,57943
2021-04-04T16:10:00Z,57947,58036.83243964,57940,58036.83243964
2021-04-04T16:15:00Z,58034,58038,57940,57940
2021-04-04T16:20:00Z,57940,57950.115738,57846,57857.076147
2021-04-04T16:25:00Z,57853,57929,57850,57863
2021-04-04T16:30:00Z,57885,57989,57885,57986
2021-04-04T16:35:00Z,57941,57982.73967528,57912,57912.177264
2021-04-04T16:40:00Z,57903,58014.06805976,57901,57964
2021-04-04T16:45:00Z,57953,58090,57953,58061
2021-04-04T16:50:00Z,58012,58084,58009,58034.122359
2021-04-04T16:55:00Z,58031.412468,58085,58031.412468,58052.188299
2021-04-04T17:00:00Z,58060,58127.4740286,58060,58065
2021-04-04T17:05:00Z,58074,58165.100424,58065,58158.777345
2021-04-04T17:10:00Z,58151,58172,58107,58116
2021-04-04T17:15:00Z,58116,58157,58115,58116
2021-04-04T17:20:00Z,58116,58189,58115,58183
2021-04-04T17:25:00Z,58185.56001264,58227.05000124,58141,58198
2021-04-04T17:30:00Z,58222.62932592,58278,58165,58278
2021-04-04T17:35:00Z,58276,58278,58145,58150
2021-04-04T17:40:00Z,58166,58241,58089,58173
2021-04-04T17:45:00Z,58191,58214,58123.613108,58178
2021-04-04T17:50:00Z,58196,58196,58111,58111
2021-04-04T17:55:00Z,58112,58174,58109.74007856,58174
2021-04-04T18:00:00Z,58175,58251,58175,58249.6757081
2021-04-04T18:05:00Z,58251.84889867,58252,58212,58251
2021-04-04T18:10:00Z,58223.80525558,58223.80525558,58138,58183
2021-04-04T18:15:00Z,58158,58191,58146,58189
2021-04-04T18:20:00Z,58177,58190,58153,58190
2021-04-04T18:25:00Z,58190,58239,58161,58161
2021-04-04T18:30:00Z,58161,58180.02801416,58122.67530482,58122.67530482
2021-04-04T18:35:00Z,58122.645465,58168,58115,58137
2021-04-04T18:40:00Z,58139,58170,58015,58029
2021-04-04T18:45:00Z,58045,58100,58025,58080
2021-04-04T18:50:00Z,58048,58114,58020,58085
2021-04-04T18:55:00Z,58081,58115,58079,58115
2021-04-04T19:00:00Z,58115,58180,58115,58157
2021-04-04T19:05:00Z,58155.6013353,58196.6240096,58129.73088278,58149
2021-04-04T19:10:00Z,58148,58173,58081,58081
2021-04-04T19:15:00Z,58090,58219,58011,58011
2021-04-04T19:20:00Z,58011,58013,57851,57852.25710422
2021-04-04T19:25:00Z,57859.27368696,57945,57850,57850
2021-04-04T19:30:00Z,57854,57895,57758,57840
2021-04-04T19:35:00Z,57840,57891.01218048,57761,57761
2021-04-04T19:40:00Z,57763,57873,57761,57873
2021-04-04T19:45:00Z,57871,57896.84135408,57866.430001,57888
2021-04-04T19:50:00Z,57888.60935275,57939,57888,57939
2021-04-04T19:55:00Z,57949,57980,57915,57970
2021-04-04T20:00:00Z,57977,58011.30206052,57971,58011.30206052
2021-04-04T20:05:00Z,58011.95591764,58025.13205672,57914,57921
2021-04-04T20:10:00Z,57921,57985,57900,57985
2021-04-04T20:15:00Z,57985.02506774,58034.60934724,57977,57977
2021-04-04T20:20:00Z,57976,57997,57918,57924.234564
2021-04-04T20:25:00Z,57925,57973.77932172,57848,57848
2021-04-04T20:30:00Z,57848,57894,57827.45734287,57877
2021-04-04T20:35:00Z,57877,57906,57850,57864
2021-04-04T20:40:00Z,57877.17044054,57982,57877.17044054,57965
2021-04-04T20:45:00Z,57962.396912,57983.21894664,57917,57970
2021-04-04T20:50:00Z,57950,58061.872778,57935,58053.739091
2021-04-04T20:55:00Z,58057,58067.78953364,58023,58041
2021-04-04T21:00:00Z,58037.3743484,58037.3743484,57999,57999.2358286
2021-04-04T21:05:00Z,58000,58025,57949.784282,58013
2021-04-04T21:10:00Z,58014,58069.10999549,58011,58069.10999549
2021-04-04T21:15:00Z,58069.10999549,58152,58069.10999549,58099
2021-04-04T21:20:00Z,58099,58099,58043,58043
2021-04-04T21:25:00Z,58036,58036,57997.98721789,58022
2021-04-04T21:30:00Z,58022,58057.45453211,58012,58031.090796
2021-04-04T21:35:00Z,58032,58078,58032,58037
2021-04-04T21:40:00Z,58035,58092,58035,58081.92452766
2021-04-04T21:45:00Z,58081.92452766,58189,58081.92452766,58171
2021-04-04T21:50:00Z,58172,58172,58083,58089
2021-04-04T21:55:00Z,58089,58147,58089,58136
2021-04-04T22:00:00Z,58134,58134,58032,58032
2021-04-04T22:05:00Z,58032,58079,57930.29835686,57932
2021-04-04T22:10:00Z,57933,57974,57918,57918
2021-04-04T22:15:00Z,57918,57995,57915,57994.107974
2021-04-04T22:20:00Z,57994.107974,58083.574373,57994,58083.574373
2021-04-04T22:25:00Z,58083.574373,58176,58083.574373,58176
2021-04-04T22:30:00Z,58176,58207,58155,58174
2021-04-04T22:35:00Z,58174.167492,58174.167492,58052.20421105,58143
2021-04-04T22:40:00Z,58163,58179,58151,58159
2021-04-04T22:45:00Z,58159,58208.48995303,58111,58124
2021-04-04T22:50:00Z,58114.271628,58136,58106,58106
2021-04-04T22:55:00Z,58106,58179,58104,58177
2021-04-04T23:00:00Z,58145.7585904,58195,58128,58128
2021-04-04T23:05:00Z,58134,58206.35599281,58134,58206.35599281
2021-04-04T23:10:00Z,58205.431076,58206.3224079,58160,58181.62582305
2021-04-04T23:15:00Z,58182,58212,58160,58161
2021-04-04T23:20:00Z,58166,58217,58166,58209
2021-04-04T23:25:00Z,58187.626676,58269.818968,58187,58216
2021-04-04T23:30:00Z,58216,58243.430465,58216,58216
2021-04-04T23:35:00Z,58216.332515,58216.65026376,58216,58216.5434907
2021-04-04T23:40:00Z,58216.5434907,58216.5434907,58216,58216
2021-04-04T23:45:00Z,58216.35191328,58254.90736,58216,58254.46038516
2021-04-04T23:50:00Z,58254,58338,58217,58221
2021-04-04T23:55:00Z,58225,58262,58216,58240.23918672
2021-04-05T00:00:00Z,58241,58430,58241,58365
2021-04-05T00:05:00Z,58370,58386,58161,58175
2021-04-05T00:10:00Z,58164,58176,58049,58070
2021-04-05T00:15:00Z,58079,58178,58078,58176
2021-04-05T00:20:00Z,58178,58259,58178,58239
2021-04-05T00:25:00Z,58214,58214,58150,58186
2021-04-05T00:30:00Z,58197,58210,58093,58135
2021-04-05T00:35:00Z,58135,58188,58070.75821717,58099
2021-04-05T00:40:00Z,58099,58099.65531,58000,58022
2021-04-05T00:45:00Z,58021,58100,58018,58055
2021-04-05T00:50:00Z,58042,58065.251595,57979.23346178,57979.23346178
2021-04-05T00:55:00Z,57989,58000,57937,57941
2021-04-05T01:00:00Z,57947,57947,57771,57854
2021-04-05T01:05:00Z,57871,57871,57650,57768
2021-04-05T01:10:00Z,57745,57814,57576,57800.108466
2021-04-05T01:15:00Z,57803,57839,57736,57775
2021-04-05T01:20:00Z,57774,57809,57755,57809
2021-04-05T01:25:00Z,57772,57838,57767.436285,57823
2021-04-05T01:30:00Z,57811.51607,57815,57733.70703932,57773
2021-04-05T01:35:00Z,57774,57906,57774,57891
2021-04-05T01:40:00Z,57894,57894,57828,57836
2021-04-05T01:45:00Z,57828,57828,57773,57795
2021-04-05T01:50:00Z,57795,57819,57713,57713
2021-04-05T01:55:00Z,57714,57821,57675,57756
2021-04-05T02:00:00Z,57794,57794,57490,57587
2021-04-05T02:05:00Z,57607,57724,57607,57715
2021-04-05T02:10:00Z,57714,57770,57668,57685
2021-04-05T02:15:00Z,57706,57726.60919051,57674,57699
2021-04-05T02:20:00Z,57688,57690,57585,57620
2021-04-05T02:25:00Z,57622,57716,57574,57689
2021-04-05T02:30:00Z,57655.28896766,57806,57612,57750
2021-04-05T02:35:00Z,57736,57736,57720,57720.57544495
2021-04-05T02:40:00Z,57721,57764,57720,57721
2021-04-05T02:45:00Z,57721,57721,57661,57677
2021-04-05T02:50:00Z,57661,57661,57627,57642
2021-04-05T02:55:00Z,57636,57662,57572,57628
2021-04-05T03:00:00Z,57607,57611,57501.5563572,57611
2021-04-05T03:05:00Z,57610,57727,57610,57673
2021-04-05T03:10:00Z,57665,57689,57631,57665
2021-04-05T03:15:00Z,57658.91656075,57700,57620,57700
2021-04-05T03:20:00Z,57700.05050121,57737,57653,57653
2021-04-05T03:25:00Z,57654,57737,57653,57737
2021-04-05T03:30:00Z,57736,57736,57683.20542633,57684
2021-04-05T03:35:00Z,57671.84547104,57683.61571584,57620.05639392,57639
2021-04-05T03:40:00Z,57641.9009139,57703.1043861,57641.9009139,57675
2021-04-05T03:45:00Z,57675,57675,57584,57647
2021-04-05T03:50:00Z,57635.748114,57635.748114,57522,57549
2021-04-05T03:55:00Z,57531,57532,57361,57504
2021-04-05T04:00:00Z,57492,57583,57350,57571
2021-04-05T04:05:00Z,57571.54430313,57638,57556,57630
2021-04-05T04:10:00Z,57622,57622,57486,57486
2021-04-05T04:15:00Z,57489,57586,57395,57567
2021-04-05T04:20:00Z,57572.44610544,57606,57492,57535
2021-04-05T04:25:00Z,57552,57631.62780334,57538,57631.62780334
2021-04-05T04:30:00Z,57613,57613,57563,57563
2021-04-05T04:35:00Z,57540,57577,57512,57512
2021-04-05T04:40:00Z,57539,57612,57538,57606.1743691
2021-04-05T04:45:00Z,57612.05545963,57630,57471,57471
2021-04-05T04:50:00Z,57470,57470,57360,57360
2021-04-05T04:55:00Z,57360,57395,57301.39893231,57338.483328
2021-04-05T05:00:00Z,57338,57394,57250,57350
2021-04-05T05:05:00Z,57350.232832,57350.232832,57280,57320
2021-04-05T05:10:00Z,57320.24220384,57320.24220384,57213,57258
2021-04-05T05:15:00Z,57241,57260,57072,57082
2021-04-05T05:20:00Z,57081.387696,57156,57059,57104
2021-04-05T05:25:00Z,57128,57239,57104.888394,57230
2021-04-05T05:30:00Z,57203,57292,57177,57263
2021-04-05T05:35:00Z,57262,57262.330609,57180,57244
2021-04-05T05:40:00Z,57229.52827496,57271,57190,57270
2021-04-05T05:45:00Z,57270,57272.8678635,57130.354644,57177
2021-04-05T05:50:00Z,57173,57173,57069.80780256,57069.80780256
2021-04-05T05:55:00Z,57070,57093,56913,56957
2021-04-05T06:00:00Z,56942,57081,56889,57077
2021-04-05T06:05:00Z,57079,57150.24289722,57054,57102.19207108
2021-04-05T06:10:00Z,57085,57085,57023,57024
2021-04-05T06:15:00Z,57027.475182,57028,56939,56990.431483
2021-04-05T06:20:00Z,56992,56992,56853,56883.64983045
2021-04-05T06:25:00Z,56886,57142.96455614,56879,57114
2021-04-05T06:30:00Z,57122,57197,57099,57145
2021-04-05T06:35:00Z,57123,57209,57115,57209
2021-04-05T06:40:00Z,57209,57270,57209,57270
2021-04-05T06:45:00Z,57270,57270,57227,57237
2021-04-05T06:50:00Z,57236.84144927,57259,57236,57241.602985
2021-04-05T06:55:00Z,57239,57241,57170,57170
2021-04-05T07:00:00Z,57170,57170,57051,57057
2021-04-05T07:05:00Z,57057,57341,57056.735645,57341
2021-04-05T07:10:00Z,57341,57341,57283,57297.241404
2021-04-05T07:15:00Z,57297,57297,57187.13067,57201
2021-04-05T07:20:00Z,57200,57271.48875001,57181,57183
2021-04-05T07:25:00Z,57182,57236,57165,57166.877818
2021-04-05T07:30:00Z,57166,57215.75685246,57115,57115
2021-04-05T07:35:00Z,57115,57152,57089.08511202,57110
2021-04-05T07:40:00Z,57090,57151,57006,57151
2021-04-05T07:45:00Z,57151,57267,57151,57267
2021-04-05T07:50:00Z,57267.56187382,57285,57161.852991,57254
2021-04-05T07:55:00Z,57254,57319,57205,57300
2021-04-05T08:00:00Z,57300,57369,57251,57252
2021-04-05T08:05:00Z,57272,57275,57134,57157
2021-04-05T08:10:00Z,57186,57186,57121,57177.26250417
2021-04-05T08:15:00Z,57177,57177,57110.79403904,57166.02350592
2021-04-05T08:20:00Z,57151,57151,57042.87327887,57043
2021-04-05T08:25:00Z,57083,57083,56850,57014.24998912
2021-04-05T08:30:00Z,56998,57086,56990,57011.56753501
2021-04-05T08:35:00Z,57011.56753501,57099,57008,57094
2021-04-05T08:40:00Z,57093,57107,57033.3031962,57089
2021-04-05T08:45:00Z,57082,57139,57057,57130
2021-04-05T08:50:00Z,57130,57179,57094.0049091,57134
2021-04-05T08:55:00Z,57135,57166.02328255,57110,57129
2021-04-05T09:00:00Z,57128.59981272,57129,56989,57031.56962912
2021-04-05T09:05:00Z,57031.9426287,57225,57031.9426287,57225
2021-04-05T09:10:00Z,57224,57225,57194,57207
2021-04-05T09:15:00Z,57225,57239,57190,57237
2021-04-05T09:20:00Z,57236,57335,57219,57335
2021-04-05T09:25:00Z,57335,57426,57301.756816,57399.229023
2021-04-05T09:30:00Z,57400,57400,57361.5698917,57366
2021-04-05T09:35:00Z,57366,57394,57342.162873,57355
2021-04-05T09:40:00Z,57356,57361,57346,57360
2021-04-05T09:45:00Z,57354,57380,57329,57380
2021-04-05T09:50:00Z,57380,57456,57380,57440
2021-04-05T09:55:00Z,57440,57473,57431,57473
2021-04-05T10:00:00Z,57472.8090453,57498,57449.6715387,57450
2021-04-05T10:05:00Z,57490,57490,57415.98952597,57417.07133826
2021-04-05T10:10:00Z,57416.01359,57454.890664,57416.01359,57432
2021-04-05T10:15:00Z,57429.84418224,57442,57382,57387
2021-04-05T10:20:00Z,57387,57423,57387,57405
2021-04-05T10:25:00Z,57403,57422,57397.01005164,57422
2021-04-05T10:30:00Z,57418.7955,57432.26182416,57348.50007019,57348.50007019
2021-04-05T10:35:00Z,57348,57384,57321,57336
2021-04-05T10:40:00Z,57348,57363,57348,57362
2021-04-05T10:45:00Z,57360.32556876,57439,57360.32556876,57438.33694218
2021-04-05T10:50:00Z,57438.33694218,57556.3701856,57438.33694218,57500
2021-04-05T10:55:00Z,57556,57687.6310642,57519.37993032,57643
2021-04-05T11:00:00Z,57641,57692.33028471,57561,57587
2021-04-05T11:05:00Z,57588,57631,57548,57590
2021-04-05T11:10:00Z,57578,57604.140112,57570,57600
2021-04-05T11:15:00Z,57584,57689,57580,57688.32648
2021-04-05T11:20:00Z,57688,57688.93975526,57607,57607
2021-04-05T11:25:00Z,57602,57634.3325711,57574,57634.3325711
2021-04-05T11:30:00Z,57634,57635,57600.95896,57620
2021-04-05T11:35:00Z,57620,57705.89722335,57619,57691
2021-04-05T11:40:00Z,57668,57668,57636,57650
2021-04-05T11:45:00Z,57647,57653,57604,57608
2021-04-05T11:50:00Z,57608,57610.00921048,57588.84678184,57593
2021-04-05T11:55:00Z,57592.875683,57714,57592.875683,57714
2021-04-05T12:00:00Z,57714.18087461,57851,57714.18087461,57848
2021-04-05T12:05:00Z,57851.65212208,57968,57848.121474,57965
2021-04-05T12:10:00Z,57965,58048,57907,57991
2021-04-05T12:15:00Z,58016,58050,57960,57963
2021-04-05T12:20:00Z,57968,57971.78139565,57907,57923
2021-04-05T12:25:00Z,57922,57922,57883,57883
2021-04-05T12:30:00Z,57883,57899,57800,57871
2021-04-05T12:35:00Z,57874,57967,57874,57965.40888
2021-04-05T12:40:00Z,57966,57978,57954,57956
2021-04-05T12:45:00Z,57957,58023,57956,58022
2021-04-05T12:50:00Z,58023,58144,58022.14618775,58065
2021-04-05T12:55:00Z,58070.46874404,58070.46874404,58001,58020.84504
2021-04-05T13:00:00Z,58020.52998816,58100,58000,58022
2021-04-05T13:05:00Z,58040,58046.191536,57919,57929
2021-04-05T13:10:00Z,57929,58060,57928,58041.524068
2021-04-05T13:15:00Z,58041,58098,58011,58012
2021-04-05T13:20:00Z,58012,58012,57947,57977.783388
2021-04-05T13:25:00Z,57977,57988,57819,57924
2021-04-05T13:30:00Z,57925,58025.219265,57925,58025
2021-04-05T13:35:00Z,58025,58046,57990.63370734,58016
2021-04-05T13:40:00Z,58000,58064,57976,58000
2021-04-05T13:45:00Z,58000,58064,58000,58061
2021-04-05T13:50:00Z,58061,58100,58051,58095
2021-04-05T13:55:00Z,58082,58166,58082,58166
2021-04-05T14:00:00Z,58162,58357,58160,58331
2021-04-05T14:05:00Z,58337,58375,58266.602954,58274.776007
2021-04-05T14:10:00Z,58282,58361,58267,58271
2021-04-05T14:15:00Z,58270.33702014,58360,58270.33702014,58290
2021-04-05T14:20:00Z,58294,58524,58280.87010064,58496
2021-04-05T14:25:00Z,58493,58777,58488,58681
2021-04-05T14:30:00Z,58690,58827.48888482,58688,58826
2021-04-05T14:35:00Z,58825.4457,58900,58785,58890.85090298
2021-04-05T14:40:00Z,58890,59000,58890,58908
2021-04-05T14:45:00Z,58909,58988,58863,58878
2021-04-05T14:50:00Z,58879,58988,58811,58988
2021-04-05T14:55:00Z,58988,59180,58899,59180
2021-04-05T15:00:00Z,59154,59250,59066,59100
2021-04-05T15:05:00Z,59100,59175,58900,59018
2021-04-05T15:10:00Z,59018,59098,59004,59064.141402
2021-04-05T15:15:00Z,59066,59205.784221,59066,59149
2021-04-05T15:20:00Z,59149,59149.44786884,59000,59000
2021-04-05T15:25:00Z,59000,59109,59000,59032
2021-04-05T15:30:00Z,59032,59173,59032,59171
2021-04-05T15:35:00Z,59170,59170,59026,59062
2021-04-05T15:40:00Z,59062,59063,58965.797862,59028
2021-04-05T15:45:00Z,59028,59028.97948304,58951,59003
2021-04-05T15:50:00Z,59003,59066,58999,58999
2021-04-05T15:55:00Z,58999,59077,58999,59056
2021-04-05T16:00:00Z,59055,59250,59031,59112
2021-04-05T16:05:00Z,59113.75416594,59131,58892,59068
2021-04-05T16:10:00Z,59067.10045422,59068,58969,59012
2021-04-05T16:15:00Z,59012,59055,58860,58872
2021-04-05T16:20:00Z,58873,59064,58873,59063
2021-04-05T16:25:00Z,59064,59109,59041,59067
2021-04-05T16:30:00Z,59069,59115.74470599,59066.1272604,59110
2021-04-05T16:35:00Z,59110,59127,59007,59057.31810398
2021-04-05T16:40:00Z,59057.31810398,59089,59024,59029
2021-04-05T16:45:00Z,59028.400705,59036.575,58954,58982
2021-04-05T16:50:00Z,58981,58999,58917,58917
2021-04-05T16:55:00Z,58917,58987,58824,58951.99334035
2021-04-05T17:00:00Z,58954,59020,58796,58908
2021-04-05T17:05:00Z,58929,58939,58780,58852
2021-04-05T17:10:00Z,58852.16372718,58870,58701,58810.81089888
2021-04-05T17:15:00Z,58810,58846,58650,58770
2021-04-05T17:20:00Z,58770,58801,58661,58778
2021-04-05T17:25:00Z,58786,58789,58650,58700
2021-04-05T17:30:00Z,58700,58735,58516,58689.95759886
2021-04-05T17:35:00Z,58684,58732,58639,58720
2021-04-05T17:40:00Z,58720,58923,58720,58867.94239084
2021-04-05T17:45:00Z,58867.94239084,58910,58811,58829.22757207
2021-04-05T17:50:00Z,58821,58840,58820,58840
2021-04-05T17:55:00Z,58845,58957.71433044,58844,58932
2021-04-05T18:00:00Z,58944,58978,58944,58974.25292146
2021-04-05T18:05:00Z,58974.25292146,58988,58918,58918
2021-04-05T18:10:00Z,58918,58925,58855,58855
2021-04-05T18:15:00Z,58855,58911,58855,58908
2021-04-05T18:20:00Z,58908,58908,58727,58734
2021-04-05T18:25:00Z,58732,58841,58732,58815.43160104
2021-04-05T18:30:00Z,58829,58882,58810.39736562,58870
2021-04-05T18:35:00Z,58871,58881,58800,58860
2021-04-05T18:40:00Z,58854.684246,58881.04887234,58775,58775.277464
2021-04-05T18:45:00Z,58775,58849.80103893,58743,58849.80103893
2021-04-05T18:50:00Z,58849.80103893,58869.73992478,58808,58868
2021-04-05T18:55:00Z,58867,58867.85766111,58807.61847612,58851
2021-04-05T19:00:00Z,58851,58900,58849,58900
2021-04-05T19:05:00Z,58899,58977,58855.14366633,58976
2021-04-05T19:10:00Z,58976,58976,58937.047128,58976
2021-04-05T19:15:00Z,58976,58978,58904,58905
2021-04-05T19:20:00Z,58912,59086,58900,58996.623588
2021-04-05T19:25:00Z,58978,58989,58847,58847
2021-04-05T19:30:00Z,58854,58893,58790,58878.0575388
2021-04-05T19:35:00Z,58879,58930,58879,58901.78633489
2021-04-05T19:40:00Z,58911,58925,58911,58925
2021-04-05T19:45:00Z,58925,58978,58907,58931
2021-04-05T19:50:00Z,58937.746713,58973,58917,58917
2021-04-05T19:55:00Z,58917.11075525,59018,58917,59001.217024
2021-04-05T20:00:00Z,59006,59100,59006,59056
2021-04-05T20:05:00Z,59052,59079,59011,59011.47041904
2021-04-05T20:10:00Z,59012,59012,58969,58973
2021-04-05T20:15:00Z,58973,59011,58972,58987
2021-04-05T20:20:00Z,58988,58999,58976,58977
2021-04-05T20:25:00Z,58976,59018,58528.29970269,58884
2021-04-05T20:30:00Z,58884,59031,58883,59013
2021-04-05T20:35:00Z,59003,59003,58967,58975
2021-04-05T20:40:00Z,58975,58975.01853039,58908,58936
2021-04-05T20:45:00Z,58933,58933,58831,58846
2021-04-05T20:50:00Z,58841,58864,58796,58799
2021-04-05T20:55:00Z,58800,58815,58797,58797
2021-04-05T21:00:00Z,58799,58839.25408,58798.413655,58838
2021-04-05T21:05:00Z,58839,58872.75015496,58838,58872.75015496
2021-04-05T21:10:00Z,58878,58898.84768856,58847,58847
2021-04-05T21:15:00Z,58847,58847,58691,58758
2021-04-05T21:20:00Z,58764,58789,58754,58773
2021-04-05T21:25:00Z,58781,58788,58693,58702
2021-04-05T21:30:00Z,58708,58717,58580,58585
2021-04-05T21:35:00Z,58598,58625,58528.50710374,58617
2021-04-05T21:40:00Z,58615.03174497,58692.31588959,58581,58652
2021-04-05T21:45:00Z,58654,58712.40102698,58628,58669
2021-04-05T21:50:00Z,58668,58760.47115576,58668,58711
2021-04-05T21:55:00Z,58710,58766,58687,58687
2021-04-05T22:00:00Z,58687.6060477,58860,58687.6060477,58837
2021-04-05T22:05:00Z,58829,58865,58773.8435976,58806
2021-04-05T22:10:00Z,58800.73503073,58808,58732,58805.19966321
2021-04-05T22:15:00Z,58799.5104,58802,58719,58755
2021-04-05T22:20:00Z,58750,58849.43861429,58750,58849
2021-04-05T22:25:00Z,58848,58868,58840,58867.193472
2021-04-05T22:30:00Z,58867,58880,58845,58854
2021-04-05T22:35:00Z,58854,58882,58770,58792.84242
2021-04-05T22:40:00Z,58792.84242,58869.02152459,58792.84242,58858
2021-04-05T22:45:00Z,58859,58899,58859,58895
2021-04-05T22:50:00Z,58893,58948.52723177,58864,58912
2021-04-05T22:55:00Z,58934.35273492,58949,58888,58897
2021-04-05T23:00:00Z,58892,58896,58715,58715
2021-04-05T23:05:00Z,58714.90263616,58776,58711,58712
2021-04-05T23:10:00Z,58711.98091837,58711.98091837,58563,58595
2021-04-05T23:15:00Z,58584,58715,58584,58683
2021-04-05T23:20:00Z,58693,58736,58641.750876,58734
2021-04-05T23:25:00Z,58736,58808,58709,58755
2021-04-05T23:30:00Z,58777,58825,58746,58759
2021-04-05T23:35:00Z,58757,58772,58701,58701
2021-04-05T23:40:00Z,58701,58749,58672.62838108,58683
2021-04-05T23:45:00Z,58706,58762,58705,58708
2021-04-05T23:50:00Z,58703,58808,58697,58797
2021-04-05T23:55:00Z,58767,59171,58755,59145
2021-04-06T00:00:00Z,59145,59420,59139,59204
2021-04-06T00:05:00Z,59203,59430,59203,59430
2021-04-06T00:10:00Z,59429,59444,59282,59314
2021-04-06T00:15:00Z,59300.52917892,59371,59152,59152
2021-04-06T00:20:00Z,59152,59224,59109,59224
2021-04-06T00:25:00Z,59223.243122,59279.25502248,59202,59207.27824
2021-04-06T00:30:00Z,59236,59276.23152,59171,59276.23152
2021-04-06T00:35:00Z,59276,59329,59202,59232
2021-04-06T00:40:00Z,59232,59276,59210,59257.22205
2021-04-06T00:45:00Z,59257,59296,59213,59296
2021-04-06T00:50:00Z,59296,59331,59295.891105,59321
2021-04-06T00:55:00Z,59321.08300635,59380,59321.08300635,59379
2021-04-06T01:00:00Z,59380,59499,59276,59291
2021-04-06T01:05:00Z,59284.126635,59347,59284,59346
2021-04-06T01:10:00Z,59346,59346,59278,59278
2021-04-06T01:15:00Z,59278,59299,59171,59198
2021-04-06T01:20:00Z,59198,59219.25537641,58928,58947
2021-04-06T01:25:00Z,58963,59049,58928,59049
2021-04-06T01:30:00Z,59050,59137,58979,59104
2021-04-06T01:35:00Z,59104,59129,59080,59110
2021-04-06T01:40:00Z,59110,59110,59011,59050
2021-04-06T01:45:00Z,59050,59050.13847915,58890,58986
2021-04-06T01:50:00Z,58970,59028,58890,58891
2021-04-06T01:55:00Z,58891,58897,58721,58827.97518001
2021-04-06T02:00:00Z,58818.52812777,58866,58708,58715
2021-04-06T02:05:00Z,58715,58801,58670,58746
2021-04-06T02:10:00Z,58726,58751,58667,58739
2021-04-06T02:15:00Z,58730.43436802,58881,58730.43436802,58793
2021-04-06T02:20:00Z,58790,58790,58752,58759
2021-04-06T02:25:00Z,58761,58808,58761,58781
2021-04-06T02:30:00Z,58781,58856.3885222,58781,58856.3885222
2021-04-06T02:35:00Z,58856.3885222,58879,58837,58860
2021-04-06T02:40:00Z,58855,58873,58815.95984655,58815.95984655
2021-04-06T02:45:00Z,58825,58828,58787,58790
2021-04-06T02:50:00Z,58796,58849,58782.34364222,58831
2021-04-06T02:55:00Z,58834,58838,58782,58783
2021-04-06T03:00:00Z,58783,58822,58781,58822
2021-04-06T03:05:00Z,58828,58864,58828,58850
2021-04-06T03:10:00Z,58850,58850,58800.731376,58801
2021-04-06T03:15:00Z,58800,58808.08701002,58800,58800
2021-04-06T03:20:00Z,58800.5455128,58850,58800,58827.152102
2021-04-06T03:25:00Z,58825,58939,58823,58936
2021-04-06T03:30:00Z,58936,58940,58907,58911
2021-04-06T03:35:00Z,58911.07168,58911.9776,58872,58872.315945
2021-04-06T03:40:00Z,58872.315945,58901,58850,58876
2021-04-06T03:45:00Z,58863.256575,58864,58832.75267,58835
2021-04-06T03:50:00Z,58835,58835,58766.62708,58767
2021-04-06T03:55:00Z,58767,58772,58630,58645.04977695
2021-04-06T04:00:00Z,58634,58776,58633,58750
2021-04-06T04:05:00Z,58751,58764,58725,58725
2021-04-06T04:10:00Z,58724.021706,58764,58724.021706,58730.97548228
2021-04-06T04:15:00Z,58762,58792.14400345,58651,58772
2021-04-06T04:20:00Z,58772,58832,58744,58790
2021-04-06T04:25:00Z,58789,58790,58727,58735
2021-04-06T04:30:00Z,58735,58859,58734,58844
2021-04-06T04:35:00Z,58855,58855,58791,58800
2021-04-06T04:40:00Z,58790.38952685,58821,58742,58747
2021-04-06T04:45:00Z,58746,58757,58719,58752.285275
2021-04-06T04:50:00Z,58753,58819,58752,58818
2021-04-06T04:55:00Z,58810,58810,58771,58779
2021-04-06T05:00:00Z,58781,58820.056515,58780,58813
2021-04-06T05:05:00Z,58813.39025692,58848,58805,58815
2021-04-06T05:10:00Z,58815,58862,58772,58862
2021-04-06T05:15:00Z,58861,58861,58809,58812
2021-04-06T05:20:00Z,58812.287693,58813.195192,58734,58760
2021-04-06T05:25:00Z,58760,58872,58759.652751,58870
2021-04-06T05:30:00Z,58870.06897884,58887,58825,58825
2021-04-06T05:35:00Z,58826,58939,58824,58939
2021-04-06T05:40:00Z,58939,58970,58938.67002564,58955
2021-04-06T05:45:00Z,58955,58962,58908,58921
2021-04-06T05:50:00Z,58921,58922.31821209,58861,58863
2021-04-06T05:55:00Z,58863,58870.225385,58842,58850
2021-04-06T06:00:00Z,58850,58855.591129,58775.24022135,58775.24022135
2021-04-06T06:05:00Z,58775.24022135,58776,58750,58755.086508
2021-04-06T06:10:00Z,58753,58755,58752,58752
2021-04-06T06:15:00Z,58752,58752.837336,58633.41857979,58696
2021-04-06T06:20:00Z,58696,58738,58678,58694
2021-04-06T06:25:00Z,58695,58756,58694.581306,58756
2021-04-06T06:30:00Z,58756,58868.44950896,58756,58868.44950896
2021-04-06T06:35:00Z,58868.92179,58926.793794,58864,58915
2021-04-06T06:40:00Z,58914,58961,58901,58901
2021-04-06T06:45:00Z,58902,58902,58867,58901
2021-04-06T06:50:00Z,58889,58889,58811,58811
2021-04-06T06:55:00Z,58814,58839,58812,58839
2021-04-06T07:00:00Z,58839,58839,58752,58823.3208915
2021-04-06T07:05:00Z,58820.9599314,58822,58706,58719
2021-04-06T07:10:00Z,58719,58817.16477434,58718,58817.16477434
2021-04-06T07:15:00Z,58817.16477434,58858.29639342,58754,58857
2021-04-06T07:20:00Z,58857,58901,58855,58856
2021-04-06T07:25:00Z,58855,58856,58800,58839
2021-04-06T07:30:00Z,58839.78399531,58839.78399531,58737,58737
2021-04-06T07:35:00Z,58736.74571301,58736.74571301,58708,58708
2021-04-06T07:40:00Z,58707.14348994,58721,58626,58721
2021-04-06T07:45:00Z,58701,58701,58406,58543
2021-04-06T07:50:00Z,58540.222422,58576,58427,58474
2021-04-06T07:55:00Z,58473,58539,58282,58537
2021-04-06T08:00:00Z,58537,58537,58364.708532,58457
2021-04-06T08:05:00Z,58457,58936,58250,58656
2021-04-06T08:10:00Z,58662,58699,58518,58606
2021-04-06T08:15:00Z,58605,58720,58570,58687
2021-04-06T08:20:00Z,58688,58875.7128935,58686,58821
2021-04-06T08:25:00Z,58822,58857,58743,58743
2021-04-06T08:30:00Z,58769,58795,58694,58702
2021-04-06T08:35:00Z,58702,58765,58682,58683
2021-04-06T08:40:00Z,58682.212596,58684,58600,58603
2021-04-06T08:45:00Z,58604,58604,58413,58493
2021-04-06T08:50:00Z,58510,58576,58500.13715145,58541.677144
2021-04-06T08:55:00Z,58543,58543,58479,58493
2021-04-06T09:00:00Z,58488.14754669,58539,58419,58538
2021-04-06T09:05:00Z,58538,58542,58474,58542
2021-04-06T09:10:00Z,58543,58690,58543,58684
2021-04-06T09:15:00Z,58684.315268,58740,58668,58697
2021-04-06T09:20:00Z,58690.243652,58690.243652,58630,58630
2021-04-06T09:25:00Z,58615.085658,58643,58601,58611
2021-04-06T09:30:00Z,58610,58669,58580,58663.12222638
2021-04-06T09:35:00Z,58663,58675.45522736,58663,58664
2021-04-06T09:40:00Z,58663,58743.62872924,58658,58725
2021-04-06T09:45:00Z,58720,58721,58669,58669
2021-04-06T09:50:00Z,58669,58734.09851672,58667,58719
2021-04-06T09:55:00Z,58718,58726,58678,58690.68358761
2021-04-06T10:00:00Z,58690,58690,58601,58601
2021-04-06T10:05:00Z,58602,58665,58553,58570
2021-04-06T10:10:00Z,58570,58637,58570,58607
2021-04-06T10:15:00Z,58607,58607,58503,58577
2021-04-06T10:20:00Z,58577,58578,58473,58547.04136125
2021-04-06T10:25:00Z,58561,58669,58530,58658
2021-04-06T10:30:00Z,58659,58750,58628,58691
2021-04-06T10:35:00Z,58674.46058111,58684,58625,58634
2021-04-06T10:40:00Z,58624,58677,58565,58566
2021-04-06T10:45:00Z,58565,58603,58510,58594.85786975
2021-04-06T10:50:00Z,58594.85786975,58595,58532,58543
2021-04-06T10:55:00Z,58543,58543,58403,58403
2021-04-06T11:00:00Z,58403.33885555,58533,58403,58459
2021-04-06T11:05:00Z,58458,58578,58458,58526
2021-04-06T11:10:00Z,58526,58527,58388,58388
2021-04-06T11:15:00Z,58389,58477,58388,58452
2021-04-06T11:20:00Z,58446,58446,58357,58413
2021-04-06T11:25:00Z,58407.3612604,58562,58407.3612604,58543
2021-04-06T11:30:00Z,58536,58536,58419,58419
2021-04-06T11:35:00Z,58419,58517,58418.80975896,58517
2021-04-06T11:40:00Z,58517,58517,58478,58479
2021-04-06T11:45:00Z,58479,58518,58466,58497.90910033
2021-04-06T11:50:00Z,58497,58497,58412,58447
2021-04-06T11:55:00Z,58444,58547.8798215,58443,58544
2021-04-06T12:00:00Z,58534.0566885,58744,58494,58680
2021-04-06T12:05:00Z,58675,58680,58596,58650
2021-04-06T12:10:00Z,58650,58668,58599,58627.14435144
2021-04-06T12:15:00Z,58623.19279632,58707,58616,58707
2021-04-06T12:20:00Z,58707,58974,58706.556131,58940
2021-04-06T12:25:00Z,58934,58945,58880,58882
2021-04-06T12:30:00Z,58886.40450405,58911,58799.68588676,58799.68588676
2021-04-06T12:35:00Z,58800,58883,58799.810694,58807.74682342
2021-04-06T12:40:00Z,58808,58823,58757,58784
2021-04-06T12:45:00Z,58784.123574,58825,58755.478203,58756
2021-04-06T12:50:00Z,58756,58756,58591,58592
2021-04-06T12:55:00Z,58592,58600,58431,58431.819421
2021-04-06T13:00:00Z,58432,58557,58431,58557
2021-04-06T13:05:00Z,58556,58592,58514,58523
2021-04-06T13:10:00Z,58518,58627,58516,58622
2021-04-06T13:15:00Z,58620.554604,58620.554604,58449.58026,58552
2021-04-06T13:20:00Z,58551,58557,58510.903932,58512.0731336
2021-04-06T13:25:00Z,58549.4283302,58570,58498,58542
2021-04-06T13:30:00Z,58547,58567,58457,58566
2021-04-06T13:35:00Z,58566,58573.17784864,58462,58472
2021-04-06T13:40:00Z,58466,58537,58400,58527.397473
2021-04-06T13:45:00Z,58528.7901306,58532.9372172,58349,58349.88378
2021-04-06T13:50:00Z,58349.88378,58437.326628,58349.88378,58426.992696
2021-04-06T13:55:00Z,58426.992696,58484,58414,58420
2021-04-06T14:00:00Z,58413,58413,58009,58241
2021-04-06T14:05:00Z,58241,58241,58101.09427061,58101.09427061
2021-04-06T14:10:00Z,58100,58100,57732,57998.106792
2021-04-06T14:15:00Z,57999,58030,57909,57909
2021-04-06T14:20:00Z,57908,57914,57450,57605
2021-04-06T14:25:00Z,57604,57704,57545,57697
2021-04-06T14:30:00Z,57693,57693,57401,57570
2021-04-06T14:35:00Z,57575,57769,57575,57768
2021-04-06T14:40:00Z,57768,57808,57694,57702
2021-04-06T14:45:00Z,57700.742892,57915,57555,57844
2021-04-06T14:50:00Z,57848,57918,57815,57869
2021-04-06T14:55:00Z,57869,57923,57767,57921.929145
2021-04-06T15:00:00Z,57905,57989,57843.76918584,57933
2021-04-06T15:05:00Z,57933,57933,57789,57790
2021-04-06T15:10:00Z,57790,57848,57761,57848
2021-04-06T15:15:00Z,57847.03194105,57896.167976,57555,57713
2021-04-06T15:20:00Z,57716,57800,57631.01340969,57773
2021-04-06T15:25:00Z,57773,57801,57702,57800
2021-04-06T15:30:00Z,57801,57801,57605,57758.628447
2021-04-06T15:35:00Z,57756,57884,57715,57863.334519
2021-04-06T15:40:00Z,57881,57932,57852,57874
2021-04-06T15:45:00Z,57909,58011,57901.5012915,57983.899896
2021-04-06T15:50:00Z,57983,58035,57912,57919
2021-04-06T15:55:00Z,57919,57965,57831.69660584,57838
2021-04-06T16:00:00Z,57832,57927,57789.02497456,57805
2021-04-06T16:05:00Z,57805,57970,57775,57970
2021-04-06T16:10:00Z,57970,58057,57970,57995
2021-04-06T16:15:00Z,57981,58029,57946,57978.89984312
2021-04-06T16:20:00Z,57985,58012,57927,57941
2021-04-06T16:25:00Z,57941,58027,57941,57999
2021-04-06T16:30:00Z,58001,58055,58001,58053
2021-04-06T16:35:00Z,58039,58125,58029.34775,58124.52868204
2021-04-06T16:40:00Z,58125,58192.26790041,58085.09815,58099
2021-04-06T16:45:00Z,58092,58150,58025,58104
2021-04-06T16:50:00Z,58103.9358239,58141,58061,58088
2021-04-06T16:55:00Z,58088,58089,58063,58064
2021-04-06T17:00:00Z,58064,58137,58063,58137
2021-04-06T17:05:00Z,58137,58137,58048,58070
2021-04-06T17:10:00Z,58070,58082,57960,58012
2021-04-06T17:15:00Z,58011,58137,58006,58113
2021-04-06T17:20:00Z,58131,58135,58080,58111
2021-04-06T17:25:00Z,58101.35343516,58127,58047,58099
2021-04-06T17:30:00Z,58101.4842941,58155,58084,58155
2021-04-06T17:35:00Z,58152,58200,58131,58196
2021-04-06T17:40:00Z,58196.36653765,58200,58175,58188
2021-04-06T17:45:00Z,58188,58206,58187,58190
2021-04-06T17:50:00Z,58196,58227,58195.4826566,58218
2021-04-06T17:55:00Z,58218,58222,58205,58220.74929856
2021-04-06T18:00:00Z,58221,58221,58133,58136
2021-04-06T18:05:00Z,58113,58140,58024,58067
2021-04-06T18:10:00Z,58067,58170,58017,58105
2021-04-06T18:15:00Z,58104,58177,58104,58177
2021-04-06T18:20:00Z,58176,58177,58122,58160
2021-04-06T18:25:00Z,58160,58186,58143.591233,58186
2021-04-06T18:30:00Z,58185.262692,58186,58120,58124
2021-04-06T18:35:00Z,58132.454736,58133,58014,58014
2021-04-06T18:40:00Z,58015,58172,58015,58149
2021-04-06T18:45:00Z,58149,58150,58122.941384,58150
2021-04-06T18:50:00Z,58150,58181,58122.48865115,58180.65268554
2021-04-06T18:55:00Z,58181,58192,58167,58192
2021-04-06T19:00:00Z,58191.59450202,58191.59450202,58137,58137
2021-04-06T19:05:00Z,58137,58210,58014,58079
2021-04-06T19:10:00Z,58099,58165.71799404,58061,58154.18008
2021-04-06T19:15:00Z,58154,58159,58081,58159
2021-04-06T19:20:00Z,58159,58159,58058,58070
2021-04-06T19:25:00Z,58070,58102,58038,58038.616944
2021-04-06T19:30:00Z,58038,58110,58014,58110
2021-04-06T19:35:00Z,58110,58147,58062,58130
2021-04-06T19:40:00Z,58130,58130,58055,58100
2021-04-06T19:45:00Z,58103,58104,58061,58079
2021-04-06T19:50:00Z,58093.84210212,58154,58093.84210212,58154
2021-04-06T19:55:00Z,58154.70630162,58200,58154,58199
2021-04-06T20:00:00Z,58199,58288,58198,58262
2021-04-06T20:05:00Z,58262,58263,58227,58245
2021-04-06T20:10:00Z,58245,58257,58198,58244
2021-04-06T20:15:00Z,58243,58244,58230,58243
2021-04-06T20:20:00Z,58245,58251,58198,58250
2021-04-06T20:25:00Z,58249.000938,58282,58207,58240
2021-04-06T20:30:00Z,58244,58247,58162.0516665,58192
2021-04-06T20:35:00Z,58201,58241,58176,58241
2021-04-06T20:40:00Z,58226,58248,58209,58222
2021-04-06T20:45:00Z,58230,58252,58170.78441504,58179
2021-04-06T20:50:00Z,58190.626272,58209,58174,58185
2021-04-06T20:55:00Z,58183,58244,58183,58223
2021-04-06T21:00:00Z,58216.194602,58229,58105,58181
2021-04-06T21:05:00Z,58188.10175503,58188.10175503,58149,58149
2021-04-06T21:10:00Z,58146,58159,58146,58150
2021-04-06T21:15:00Z,58150,58150.56072,58055,58061.523312
2021-04-06T21:20:00Z,58061,58061,57837,57843
2021-04-06T21:25:00Z,57848,57922,57713.478528,57889
2021-04-06T21:30:00Z,57888,57889,57603,57744
2021-04-06T21:35:00Z,57744,57814,57743.497575,57762
2021-04-06T21:40:00Z,57745,57853,57745,57853
2021-04-06T21:45:00Z,57853,57981.17424,57840.92952,57980.73079375
2021-04-06T21:50:00Z,57980.400192,58023,57921,57998
2021-04-06T21:55:00Z,57970,57970,57840,57850
2021-04-06T22:00:00Z,57840,57840.26229,57750,57757
2021-04-06T22:05:00Z,57757,57758,57695,57701
2021-04-06T22:10:00Z,57700,57877,57633,57841
2021-04-06T22:15:00Z,57833,57856,57756,57775
2021-04-06T22:20:00Z,57808,57963,57808,57873
2021-04-06T22:25:00Z,57932,57969,57845,57855
2021-04-06T22:30:00Z,57875,58012,57829,57960.242136
2021-04-06T22:35:00Z,57959.68895574,58026,57959,58008
2021-04-06T22:40:00Z,58019,58019,57951,57969
2021-04-06T22:45:00Z,57969,58000,57911,57926
2021-04-06T22:50:00Z,57970.55386579,58003.805596,57942,57958
2021-04-06T22:55:00Z,57949,57966,57857.94224,57874
2021-04-06T23:00:00Z,57886,57897,57848,57849
2021-04-06T23:05:00Z,57849,57992,57849,57992
2021-04-06T23:10:00Z,57991,58020,57982,58020
2021-04-06T23:15:00Z,58020,58082.47214011,57960,58079
2021-04-06T23:20:00Z,58072,58080,58020.532256,58077
2021-04-06T23:25:00Z,58080,58151,58079,58116.415665
2021-04-06T23:30:00Z,58122,58155.80286169,58121,58127.882122
2021-04-06T23:35:00Z,58128,58128.29640254,58099,58099
2021-04-06T23:40:00Z,58107,58107,58064,58064
2021-04-06T23:45:00Z,58064,58105.31139,58029,58029
2021-04-06T23:50:00Z,58028.97508916,58077,58011,58053
2021-04-06T23:55:00Z,58040,58062.15257929,57983,57991
2021-04-07T00:00:00Z,57994,58007,57958,57958
2021-04-07T00:05:00Z,57958,58089,57958,58068
2021-04-07T00:10:00Z,58079,58188,58078,58188
2021-04-07T00:15:00Z,58188,58189,58105,58132.95028504
2021-04-07T00:20:00Z,58132.00927677,58132.00927677,58061,58096
2021-04-07T00:25:00Z,58096,58149.9866805,58088,58093.70877
2021-04-07T00:30:00Z,58093.70877,58094,57961,57961.698305
2021-04-07T00:35:00Z,57961.698305,57961.80904489,57899,57918
2021-04-07T00:40:00Z,57915,57915,57842,57849
2021-04-07T00:45:00Z,57853.53713282,57853.53713282,57569,57648.119386
2021-04-07T00:50:00Z,57679,57707,57611,57680
2021-04-07T00:55:00Z,57686,57704,57467,57626
2021-04-07T01:00:00Z,57630,57630,57403,57500
2021-04-07T01:05:00Z,57499,57589,57477.359205,57540
2021-04-07T01:10:00Z,57540,57624,57449,57616
2021-04-07T01:15:00Z,57608,57615,57478,57549
2021-04-07T01:20:00Z,57540,57563,57237,57322
2021-04-07T01:25:00Z,57323,57410,57160,57370
2021-04-07T01:30:00Z,57369,57389,57271,57295
2021-04-07T01:35:00Z,57294.41857992,57430,57284.22994,57392.379759
2021-04-07T01:40:00Z,57393,57451,57391,57417
2021-04-07T01:45:00Z,57417,57474,57392,57474
2021-04-07T01:50:00Z,57473.90423941,57536,57441,57442
2021-04-07T01:55:00Z,57442,57475,57403,57474
2021-04-07T02:00:00Z,57474.42805664,57566,57456,57566
2021-04-07T02:05:00Z,57566.45548952,57579,57566.45548952,57578
2021-04-07T02:10:00Z,57579,57579,57510,57565
2021-04-07T02:15:00Z,57560,57604,57560,57587.544588
2021-04-07T02:20:00Z,57588,57756.70198794,57588,57713
2021-04-07T02:25:00Z,57713,57713.297502,57656,57676